Plate Barcode,Well Position,Batch Id,Concentration (mg/mL),Concentration (ug/mL),Concentration (mM),Concentration (uM),Volume (uL),Volume (nL),Solvent,Formula Weight,Molecular Weight
BR00148938,A01,,,,,,0.0,0,,,
BR00148938,A02,,,,,,0.04,40,DMSO,,
BR00148938,A03,BRD-K00911143-001-02-9,4.33566,4335.66,10.0,10000.0,0.04,40,DMSO,433.566,433.182397813
BR00148938,A04,BRD-A20644369-001-08-6,3.404559,3404.559,10.0,10000.0,0.04,40,DMSO,340.4559,340.203844762
BR00148938,A05,BRD-K20482099-001-11-0,6.105175,6105.175,10.0,10000.0,0.04,40,DMSO,610.5175,610.153384912
BR00148938,A06,BRD-K06980535-003-25-9,3.2088,3208.8,10.0,10000.0,0.04,40,DMSO,320.88,284.13471934
BR00148938,A07,BRD-K79856453-001-01-6,3.144186,3144.186,10.0,10000.0,0.04,40,DMSO,314.4186,314.188194698
BR00148938,A08,BRD-K93461745-003-26-9,4.21964,4219.64,10.0,10000.0,0.04,40,DMSO,421.964,385.247775261
BR00148938,A09,BRD-K97939847-001-12-0,2.532527,2532.527,10.0,10000.0,0.04,40,DMSO,253.2527,253.073893223
BR00148938,A10,BRD-K01826765-236-10-9,3.82432,3824.32,10.0,10000.0,0.04,40,DMSO,382.432,382.120131918
BR00148938,A11,BRD-K25991148-001-02-9,3.083279,3083.279,10.0,10000.0,0.04,40,DMSO,308.3279,308.104859
BR00148938,A12,BRD-K16277217-001-10-9,4.10572,4105.72,10.0,10000.0,0.04,40,DMSO,410.572,410.202798904
BR00148938,A13,BRD-A70514680-003-12-9,2.84374,2843.74,10.0,10000.0,0.04,40,DMSO,284.374,284.119463206
BR00148938,A14,BRD-K52117081-396-01-8,6.6975,6697.5,10.0,10000.0,0.04,40,DMSO,669.75,547.1069635
BR00148938,A15,BRD-K81916719-001-15-9,3.59658,3596.58,10.0,10000.0,0.04,40,DMSO,359.658,357.950116731
BR00148938,A16,BRD-K99241550-001-05-9,6.279402,6279.402,10.0,10000.0,0.04,40,DMSO,627.9402,627.78528711
BR00148938,A17,BRD-K00003556-316-01-9,2.593467,2593.467,10.0,10000.0,0.04,40,DMSO,259.3467,259.168462309
BR00148938,A18,BRD-K93208532-001-05-9,4.605,4605.0,10.0,10000.0,0.04,40,DMSO,460.5,460.130421822
BR00148938,A19,BRD-K78692225-001-29-9,2.702073,2702.073,10.0,10000.0,0.04,40,DMSO,270.2073,270.061612157
BR00148938,A20,BRD-K01825579-003-03-9,2.50165,2501.65,10.0,10000.0,0.04,40,DMSO,250.165,249.068719585
BR00148938,A21,BRD-K82236179-001-08-9,3.36295,3362.95,10.0,10000.0,0.04,40,DMSO,336.295,336.063388116
BR00148938,A22,BRD-K47031502-001-04-9,3.443154,3443.154,10.0,10000.0,0.04,40,DMSO,344.3154,344.089602866
BR00148938,A23,,,,,,0.0,0,,,
BR00148938,A24,,,,,,0.04,40,DMSO,,
BR00148938,B01,,,,,,0.0,0,,,
BR00148938,B02,,,,,,0.04,40,DMSO,,
BR00148938,B03,BRD-A24228527-001-31-5,3.613675,3613.675,10.0,10000.0,0.04,40,DMSO,361.3675,361.143784348
BR00148938,B04,BRD-K00003501-001-01-9,5.546428,5546.428,10.0,10000.0,0.04,40,DMSO,554.6428,554.275386994
BR00148938,B05,BRD-K97399794-001-21-9,3.022357,3022.357,10.0,10000.0,0.04,40,DMSO,302.2357,302.042652674
BR00148938,B06,BRD-K10207760-236-13-9,6.147855,6147.855,10.0,10000.0,0.04,40,DMSO,614.7855,590.381868704
BR00148938,B07,BRD-A84575140-001-02-4,3.343718,3343.718,10.0,10000.0,0.04,40,DMSO,334.3718,334.14297584
BR00148938,B08,BRD-K78355918-236-09-9,5.407069,5407.069,10.0,10000.0,0.04,40,DMSO,540.7069,516.345089268
BR00148938,B09,BRD-A76672327-003-02-0,6.99853,6998.53,10.0,10000.0,0.04,40,DMSO,699.853,662.409536155
BR00148938,B10,BRD-K60025295-003-05-8,4.08987,4089.87,10.0,10000.0,0.04,40,DMSO,408.987,372.243972975
BR00148938,B11,BRD-K67463151-001-02-9,4.193788,4193.788,10.0,10000.0,0.04,40,DMSO,419.3788,419.129277143
BR00148938,B12,BRD-K13926615-394-02-8,5.7911,5791.1,10.0,10000.0,0.04,40,DMSO,579.11,488.220574232
BR00148938,B13,BRD-K43860855-065-11-9,3.73168,3731.68,10.0,10000.0,0.04,40,DMSO,373.168,274.991940755
BR00148938,B14,BRD-K97181089-310-06-3,3.02119,3021.19,10.0,10000.0,0.04,40,DMSO,302.119,229.04788562
BR00148938,B15,BRD-K17068645-003-07-9,3.94724,3947.24,10.0,10000.0,0.04,40,DMSO,394.724,357.101082345
BR00148938,B16,BRD-K24616672-001-24-9,2.363101,2363.101,10.0,10000.0,0.04,40,DMSO,236.3101,236.152477894
BR00148938,B17,BRD-K38305202-001-29-9,4.25911,4259.11,10.0,10000.0,0.04,40,DMSO,425.911,425.161852744
BR00148938,B18,BRD-K71106091-001-13-9,3.652117,3652.117,10.0,10000.0,0.04,40,DMSO,365.2117,365.053662512
BR00148938,B19,BRD-K10362825-001-06-9,6.56654,6566.54,10.0,10000.0,0.04,40,DMSO,656.654,656.1563618
BR00148938,B20,BRD-K99447003-335-07-9,3.844241,3844.241,10.0,10000.0,0.04,40,DMSO,384.4241,348.168521888
BR00148938,B21,BRD-K57631554-003-11-9,1.67591,1675.91,10.0,10000.0,0.04,40,DMSO,167.591,131.058243159
BR00148938,B22,BRD-K64659768-001-14-9,4.03432,4034.32,10.0,10000.0,0.04,40,DMSO,403.432,403.029661921
BR00148938,B23,,,,,,0.0,0,,,
BR00148938,B24,,,,,,0.04,40,DMSO,,
BR00148938,C01,,,,,,0.0,0,,,
BR00148938,C02,,,,,,0.04,40,DMSO,,
BR00148938,C03,BRD-K62607865-236-02-4,4.58423,4584.23,10.0,10000.0,0.04,40,DMSO,458.423,435.051853925
BR00148938,C04,BRD-A74980173-001-11-9,3.753941,3753.941,10.0,10000.0,0.04,40,DMSO,375.3941,375.159434412
BR00148938,C05,BRD-A93291428-001-02-0,3.32477,3324.77,10.0,10000.0,0.04,40,DMSO,332.477,332.23514489
BR00148938,C06,BRD-A03757454-001-03-4,2.461924,2461.924,10.0,10000.0,0.04,40,DMSO,246.1924,246.065199677
BR00148938,C07,BRD-A76244192-001-02-4,5.54721,5547.21,10.0,10000.0,0.04,40,DMSO,554.721,554.24440572
BR00148938,C08,BRD-A84465106-001-09-5,3.884144,3884.144,10.0,10000.0,0.04,40,DMSO,388.4144,388.16343651
BR00148938,C09,BRD-A46717658-236-02-5,4.84481,4844.81,10.0,10000.0,0.04,40,DMSO,484.481,461.136904183
BR00148938,C10,BRD-K69116396-001-05-9,4.40941,4409.41,10.0,10000.0,0.04,40,DMSO,440.941,440.177917386
BR00148938,C11,BRD-K32768103-001-04-9,3.45391,3453.91,10.0,10000.0,0.04,40,DMSO,345.391,345.094725666
BR00148938,C12,BRD-K99679910-001-02-3,2.403,2403.0,10.0,10000.0,0.04,40,DMSO,240.3,240.023848262
BR00148938,C13,BRD-K69688083-004-24-9,2.62124,2621.24,10.0,10000.0,0.04,40,DMSO,262.124,181.09770267
BR00148938,C14,BRD-A02180903-001-04-5,3.924611,3924.611,10.0,10000.0,0.04,40,DMSO,392.4611,392.199902243
BR00148938,C15,BRD-A11070335-236-03-9,3.00291,3002.91,10.0,10000.0,0.04,40,DMSO,300.291,300.052840204
BR00148938,C16,BRD-K72167406-001-03-9,6.20721,6207.21,10.0,10000.0,0.04,40,DMSO,620.721,620.11815935
BR00148938,C17,BRD-K46211610-003-27-9,1.602157,1602.157,10.0,10000.0,0.04,40,DMSO,160.2157,160.100048394
BR00148938,C18,BRD-K32107296-001-27-9,1.941508,1941.508,10.0,10000.0,0.04,40,DMSO,194.1508,194.055223466
BR00148938,C19,BRD-K74190368-001-08-9,1.101106,1101.106,10.0,10000.0,0.04,40,DMSO,110.1106,110.036779436
BR00148938,C20,BRD-K87700323-003-04-4,3.40994,3409.94,10.0,10000.0,0.04,40,DMSO,340.994,304.300425221
BR00148938,C21,BRD-K50677762-001-02-9,1.581552,1581.552,10.0,10000.0,0.04,40,DMSO,158.1552,158.069142196
BR00148938,C22,BRD-K63828191-003-39-9,5.10044,5100.44,10.0,10000.0,0.04,40,DMSO,510.044,473.166079047
BR00148938,C23,,,,,,0.0,0,,,
BR00148938,C24,,,,,,0.04,40,DMSO,,
BR00148938,D01,,,,,,0.0,0,,,
BR00148938,D02,,,,,,0.04,40,DMSO,,
BR00148938,D03,BRD-K81993098-003-16-9,1.71646,1716.46,10.0,10000.0,0.04,40,DMSO,171.646,135.035399227
BR00148938,D04,BRD-K00003599-004-01-9,4.37347,4373.47,10.0,10000.0,0.04,40,DMSO,437.347,356.186183325
BR00148938,D05,BRD-K16730910-001-12-9,4.82815,4828.15,10.0,10000.0,0.04,40,DMSO,482.815,482.076880893
BR00148938,D06,BRD-K63242551-001-10-9,3.63388,3633.88,10.0,10000.0,0.04,40,DMSO,363.388,363.088891359
BR00148938,D07,BRD-A20839672-003-01-5,5.48019,5480.19,10.0,10000.0,0.04,40,DMSO,548.019,511.051476769
BR00148938,D08,BRD-K52075715-001-13-9,2.492658,2492.658,10.0,10000.0,0.04,40,DMSO,249.2658,249.111341361
BR00148938,D09,BRD-K34776109-001-19-9,4.90616,4906.16,10.0,10000.0,0.04,40,DMSO,490.616,490.224990908
BR00148938,D10,BRD-A12896037-001-04-3,4.65945,4659.45,10.0,10000.0,0.04,40,DMSO,465.945,465.183062343
BR00148938,D11,BRD-A25234499-001-21-9,2.322783,2322.783,10.0,10000.0,0.04,40,DMSO,232.2783,232.121177766
BR00148938,D12,BRD-K71847383-001-14-9,2.432166,2432.166,10.0,10000.0,0.04,40,DMSO,243.2166,243.085520541
BR00148938,D13,BRD-K75466013-001-16-9,1.651891,1651.891,10.0,10000.0,0.04,40,DMSO,165.1891,165.078978601
BR00148938,D14,BRD-A29644307-001-19-9,2.383275,2383.275,10.0,10000.0,0.04,40,DMSO,238.3275,238.146998586
BR00148938,D15,BRD-K07441213-001-20-9,1.501745,1501.745,10.0,10000.0,0.04,40,DMSO,150.1745,150.068079564
BR00148938,D16,BRD-K02900412-001-16-9,3.65337,3653.37,10.0,10000.0,0.04,40,DMSO,365.337,364.136070868
BR00148938,D17,BRD-K29113274-001-30-9,5.31431,5314.31,10.0,10000.0,0.04,40,DMSO,531.431,530.148760818
BR00148938,D18,BRD-K68770713-001-02-9,3.70838,3708.38,10.0,10000.0,0.04,40,DMSO,370.838,370.007342713
BR00148938,D19,BRD-K04704168-003-16-9,3.62296,3622.96,10.0,10000.0,0.04,40,DMSO,362.296,325.134575362
BR00148938,D20,BRD-A28044053-001-02-9,3.71541,3715.41,10.0,10000.0,0.04,40,DMSO,371.541,371.079589001
BR00148938,D21,BRD-K01826569-003-19-9,3.874329,3874.329,10.0,10000.0,0.04,40,DMSO,387.4329,387.190654313
BR00148938,D22,BRD-A26503646-001-18-2,3.024079,3024.079,10.0,10000.0,0.04,40,DMSO,302.4079,302.188194698
BR00148938,D23,,,,,,0.0,0,,,
BR00148938,D24,,,,,,0.04,40,DMSO,,
BR00148938,E01,,,,,,0.0,0,,,
BR00148938,E02,,,,,,0.04,40,DMSO,,
BR00148938,E03,BRD-A67799922-003-29-4,3.40287,3402.87,10.0,10000.0,0.04,40,DMSO,340.287,303.138992038
BR00148938,E04,BRD-K24844714-001-41-9,1.300772,1300.772,10.0,10000.0,0.04,40,DMSO,130.0772,130.017855555
BR00148938,E05,BRD-K33453211-003-11-5,4.5698,4569.8,10.0,10000.0,0.04,40,DMSO,456.98,420.221306387
BR00148938,E06,BRD-K51768138-001-07-5,2.33695,2336.95,10.0,10000.0,0.04,40,DMSO,233.695,233.093104478
BR00148938,E07,BRD-A65449987-001-10-4,4.344977,4344.977,10.0,10000.0,0.04,40,DMSO,434.4977,434.210466929
BR00148938,E08,BRD-K06502269-001-02-6,1.49211,1492.11,10.0,10000.0,0.04,40,DMSO,149.211,149.051049291
BR00148938,E09,BRD-K80684056-001-05-1,1.961999,1961.999,10.0,10000.0,0.04,40,DMSO,196.1999,196.073558872
BR00148938,E10,BRD-K48195008-001-21-9,2.964034,2964.034,10.0,10000.0,0.04,40,DMSO,296.4034,296.177630012
BR00148938,E11,BRD-K00003637-003-01-9,1.612221,1612.221,8.155711,8155.711251,0.04,40,DMSO,197.68,161.128454216
BR00148938,E12,BRD-K91456750-001-01-9,4.114908,4114.908,10.0,10000.0,0.04,40,DMSO,411.4908,411.204573043
BR00148938,E13,BRD-K52960356-001-16-9,3.24395,3243.95,10.0,10000.0,0.04,40,DMSO,324.395,324.114377828
BR00148938,E14,BRD-K70330367-003-10-9,1.8771,1877.1,10.0,10000.0,0.04,40,DMSO,187.71,151.136099549
BR00148938,E15,BRD-K01039503-001-02-9,4.505235,4505.235,10.0,10000.0,0.04,40,DMSO,450.5235,450.204238692
BR00148938,E16,BRD-K47192521-001-12-9,3.02451,3024.51,10.0,10000.0,0.04,40,DMSO,302.451,302.224580204
BR00148938,E17,BRD-K78321730-001-13-9,1.521473,1521.473,10.0,10000.0,0.04,40,DMSO,152.1473,152.047344122
BR00148938,E18,BRD-K30816563-003-03-9,3.50865,3508.65,10.0,10000.0,0.04,40,DMSO,350.865,314.14126128
BR00148938,E19,BRD-K10103010-001-05-9,1.521473,1521.473,10.0,10000.0,0.04,40,DMSO,152.1473,152.047344122
BR00148938,E20,BRD-K01666412-001-02-0,1.151305,1151.305,10.0,10000.0,0.04,40,DMSO,115.1305,115.063328537
BR00148938,E21,BRD-K81128206-003-25-9,2.02701,2027.01,10.0,10000.0,0.04,40,DMSO,202.701,166.123189139
BR00148938,E22,BRD-K08151102-001-06-9,4.58488,4584.88,10.0,10000.0,0.04,40,DMSO,458.488,458.126005146
BR00148938,E23,,,,,,0.0,0,,,
BR00148938,E24,,,,,,0.04,40,DMSO,,
BR00148938,F01,,,,,,0.0,0,,,
BR00148938,F02,,,,,,0.04,40,DMSO,,
BR00148938,F03,BRD-K63736853-001-07-9,1.541234,1541.234,10.0,10000.0,0.04,40,DMSO,154.1234,154.037842068
BR00148938,F04,BRD-K50265942-001-01-2,4.27361,4273.61,10.0,10000.0,0.04,40,DMSO,427.361,426.136464798
BR00148938,F05,BRD-K97891829-065-02-9,5.75674,5756.74,10.0,10000.0,0.04,40,DMSO,575.674,477.316248755
BR00148938,F06,BRD-K80595380-001-09-8,5.248604,5248.604,10.0,10000.0,0.04,40,DMSO,524.8604,524.459331164
BR00148938,F07,BRD-K79602928-003-23-9,1.65625,1656.25,10.0,10000.0,0.04,40,DMSO,165.625,129.101445377
BR00148938,F08,BRD-A67514145-003-05-8,3.6075,3607.5,10.0,10000.0,0.04,40,DMSO,360.75,324.106984264
BR00148938,F09,BRD-K08976401-001-23-9,1.882209,1882.209,10.0,10000.0,0.04,40,DMSO,188.2209,188.104859
BR00148938,F10,BRD-K00004560-001-01-9,4.75667,4756.67,10.0,10000.0,0.04,40,DMSO,475.667,475.196333317
BR00148938,F11,BRD-K34022604-001-12-9,3.03677,3036.77,10.0,10000.0,0.04,40,DMSO,303.677,303.053445155
BR00148938,F12,BRD-A19585813-003-03-3,2.69767,2697.67,10.0,10000.0,0.04,40,DMSO,269.767,233.141578857
BR00148938,F13,BRD-K33226500-065-11-9,7.11868,7118.68,10.0,10000.0,0.04,40,DMSO,711.868,613.362805017
BR00148938,F14,BRD-A02710418-001-15-9,2.333492,2333.492,10.0,10000.0,0.04,40,DMSO,233.3492,233.177964363
BR00148938,F15,BRD-K01825590-008-02-9,4.79141,4791.41,10.0,10000.0,0.04,40,DMSO,479.141,476.981666811
BR00148938,F16,BRD-A57833392-001-01-7,2.643633,2643.633,10.0,10000.0,0.04,40,DMSO,264.3633,264.183778022
BR00148938,F17,BRD-K05977355-001-19-0,3.062708,3062.708,10.0,10000.0,0.04,40,DMSO,306.2708,306.104065446
BR00148938,F18,BRD-K86410485-001-03-9,4.045429,4045.429,10.0,10000.0,0.04,40,DMSO,404.5429,404.26750765
BR00148938,F19,BRD-K55188888-065-04-9,5.52551,5525.51,10.0,10000.0,0.04,40,DMSO,552.551,454.227493328
BR00148938,F20,BRD-A10652366-238-04-1,1.78137,1781.37,10.0,10000.0,0.04,40,DMSO,178.137,138.008195224
BR00148938,F21,BRD-K74363950-004-02-9,5.65563,5655.63,10.0,10000.0,0.04,40,DMSO,565.563,484.161624833
BR00148938,F22,BRD-A70182876-001-11-9,3.003556,3003.556,10.0,10000.0,0.04,40,DMSO,300.3556,300.158625904
BR00148938,F23,,,,,,0.0,0,,,
BR00148938,F24,,,,,,0.04,40,DMSO,,
BR00148938,G01,,,,,,0.0,0,,,
BR00148938,G02,,,,,,0.04,40,DMSO,,
BR00148938,G03,BRD-K48427910-001-01-1,4.515151,4515.151,10.0,10000.0,0.04,40,DMSO,451.5151,451.264213185
BR00148938,G04,BRD-A51820102-008-27-1,4.44696,4446.96,10.0,10000.0,0.04,40,DMSO,444.696,380.024996233
BR00148938,G05,BRD-K49841478-001-03-9,2.943047,2943.047,10.0,10000.0,0.04,40,DMSO,294.3047,294.100442324
BR00148938,G06,BRD-K32847234-065-04-6,3.32459,3324.59,10.0,10000.0,0.04,40,DMSO,332.459,234.209598842
BR00148938,G07,BRD-K84698278-001-05-9,2.43301,2433.01,10.0,10000.0,0.04,40,DMSO,243.301,243.125928793
BR00148938,G08,BRD-K12994359-001-21-9,3.14359,3143.59,10.0,10000.0,0.04,40,DMSO,314.359,314.072513014
BR00148938,G09,BRD-K20141153-003-14-9,2.91816,2918.16,10.0,10000.0,0.04,40,DMSO,291.816,255.162314299
BR00148938,G10,BRD-K74501079-001-19-9,7.489845,7489.845,10.0,10000.0,0.04,40,DMSO,748.9845,748.508525778
BR00148938,G11,BRD-K30649484-015-15-9,2.46283,2462.83,10.0,10000.0,0.04,40,DMSO,246.283,186.046298264
BR00148938,G12,BRD-A84687895-001-05-9,3.853707,3853.707,10.0,10000.0,0.04,40,DMSO,385.3707,385.127385355
BR00148938,G13,BRD-A88562598-001-01-7,16.322647,16322.647424,10.000035,10000.035181,0.04,40,DMSO,1632.259,1630.748797045
BR00148938,G14,BRD-K34566599-001-02-8,1.421558,1421.558,10.0,10000.0,0.04,40,DMSO,142.1558,142.074227574
BR00148938,G15,BRD-K62213621-001-02-4,2.843481,2843.481,10.0,10000.0,0.04,40,DMSO,284.3481,284.162373878
BR00148938,G16,BRD-K40905133-001-05-9,1.781879,1781.879,10.0,10000.0,0.04,40,DMSO,178.1879,178.074227574
BR00148938,G17,BRD-K88625236-001-04-2,6.168235,6168.235,10.0,10000.0,0.04,40,DMSO,616.8235,616.41864814
BR00148938,G18,BRD-K30634073-046-02-8,4.334947,4334.947,10.0,10000.0,0.04,40,DMSO,433.4947,283.193614427
BR00148938,G19,BRD-K01825162-050-02-9,2.944338,2944.338,10.0,10000.0,0.04,40,DMSO,294.4338,294.209598842
BR00148938,G20,BRD-K38436528-003-29-9,3.16868,3168.68,10.0,10000.0,0.04,40,DMSO,316.868,280.193948778
BR00148938,G21,BRD-K52818472-001-03-9,3.924907,3924.907,10.0,10000.0,0.04,40,DMSO,392.4907,392.209992772
BR00148938,G22,BRD-K02965577-001-04-9,4.166365,4166.365,10.0,10000.0,0.04,40,DMSO,416.6365,416.329045274
BR00148938,G23,,,,,,0.0,0,,,
BR00148938,G24,,,,,,0.04,40,DMSO,,
BR00148938,H01,,,,,,0.0,0,,,
BR00148938,H02,,,,,,0.04,40,DMSO,,
BR00148938,H03,BRD-K40496271-001-03-3,4.424666,4424.666,10.0,10000.0,0.04,40,DMSO,442.4666,442.164105212
BR00148938,H04,BRD-K87492696-001-18-9,2.80303,2803.03,10.0,10000.0,0.04,40,DMSO,280.303,280.06301096
BR00148938,H05,BRD-K75855670-001-14-2,3.96951,3969.51,10.0,10000.0,0.04,40,DMSO,396.951,396.846050627
BR00148938,H06,BRD-K58810291-001-16-2,4.78981,4789.81,10.0,10000.0,0.04,40,DMSO,478.981,478.192230046
BR00148938,H07,BRD-A34205213-001-04-7,5.57597,5575.97,10.0,10000.0,0.04,40,DMSO,557.597,557.125018867
BR00148938,H08,BRD-K98384930-001-02-9,3.983877,3983.877,10.0,10000.0,0.04,40,DMSO,398.3877,398.139033321
BR00148938,H09,BRD-K00003260-001-01-9,8.38865,8388.65,10.0,10000.0,0.04,40,DMSO,838.865,838.29831061
BR00148938,H10,BRD-K03390685-001-03-9,5.3131,5313.1,10.0,10000.0,0.04,40,DMSO,531.31,531.063054966
BR00148938,H11,BRD-K82800842-001-01-9,8.107206,8107.206,10.0,10000.0,0.04,40,DMSO,810.7206,810.192170454
BR00148938,H12,BRD-K36732695-001-02-9,2.613609,2613.609,10.0,10000.0,0.04,40,DMSO,261.3609,261.151749613
BR00148938,H13,BRD-K00004302-001-01-9,7.809385,7809.385,10.0,10000.0,0.04,40,DMSO,780.9385,780.429606756
BR00148938,H14,BRD-K01825599-001-03-9,2.633752,2633.752,10.0,10000.0,0.04,40,DMSO,263.3752,263.188529049
BR00148938,H15,BRD-K67117832-001-02-9,5.044371,5044.371,10.0,10000.0,0.04,40,DMSO,504.4371,504.169034976
BR00148938,H16,BRD-A45664787-001-05-9,3.604871,3604.871,10.0,10000.0,0.04,40,DMSO,360.4871,360.230059512
BR00148938,H17,BRD-K36207157-001-10-9,3.1586,3158.6,10.0,10000.0,0.04,40,DMSO,315.86,315.084847978
BR00148938,H18,BRD-A20348246-001-16-9,2.73736,2737.36,10.0,10000.0,0.04,40,DMSO,273.736,273.022641652
BR00148938,H19,BRD-K60866521-001-10-9,4.15423,4154.23,10.0,10000.0,0.04,40,DMSO,415.423,415.155686438
BR00148938,H20,BRD-K68620903-001-12-9,3.124458,3124.458,10.0,10000.0,0.04,40,DMSO,312.4458,312.20893014
BR00148938,H21,BRD-K00003716-015-01-9,4.224356,4224.356,10.0,10000.0,0.04,40,DMSO,422.4356,362.170253222
BR00148938,H22,BRD-K27351809-001-10-9,3.704819,3704.819,10.0,10000.0,0.04,40,DMSO,370.4819,370.214409448
BR00148938,H23,,,,,,0.0,0,,,
BR00148938,H24,,,,,,0.04,40,DMSO,,
BR00148938,I01,,,,,,0.0,0,,,
BR00148938,I02,,,,,,0.04,40,DMSO,,
BR00148938,I03,BRD-A25619068-003-03-4,2.59734,2597.34,10.0,10000.0,0.04,40,DMSO,259.734,223.110947431
BR00148938,I04,BRD-K28912512-001-25-7,1.221246,1221.246,10.0,10000.0,0.04,40,DMSO,122.1246,122.048012824
BR00148938,I05,BRD-K01825700-213-01-9,1.902401,1902.401,10.0,10000.0,0.04,40,DMSO,190.2401,190.131742452
BR00148938,I06,BRD-K04843140-001-04-9,1.741977,1741.977,10.0,10000.0,0.04,40,DMSO,174.1977,174.100442324
BR00148938,I07,BRD-A83644949-236-01-6,11.57918,11579.18,10.0,10000.0,0.04,40,DMSO,1157.918,1134.006993818
BR00148938,I08,BRD-K66404838-003-11-1,3.93904,3939.04,10.0,10000.0,0.04,40,DMSO,393.904,357.194008357
BR00148938,I09,BRD-K01826474-001-01-9,4.775954,4775.954,10.0,10000.0,0.04,40,DMSO,477.5954,477.316248755
BR00148938,I10,BRD-K32821942-001-27-9,2.77263,2772.63,10.0,10000.0,0.04,40,DMSO,277.263,277.038193193
BR00148938,I11,BRD-K76600340-001-06-9,1.091259,1091.259,10.0,10000.0,0.04,40,DMSO,109.1259,109.052763851
BR00148938,I12,BRD-K76713213-001-04-9,1.51931,1519.31,10.0,10000.0,0.04,40,DMSO,151.931,152.044488107
BR00148938,I13,BRD-K82122102-323-01-1,2.962737,2962.737,10.0,10000.0,0.04,40,DMSO,296.2737,255.089543287
BR00148938,I14,BRD-K09471561-001-20-8,3.613675,3613.675,10.0,10000.0,0.04,40,DMSO,361.3675,361.143784348
BR00148938,I15,BRD-K91301684-003-05-5,4.49881,4498.81,10.0,10000.0,0.04,40,DMSO,449.881,413.147452095
BR00148938,I16,BRD-A99633051-001-08-8,1.411677,1411.677,10.0,10000.0,0.04,40,DMSO,141.1677,141.078978601
BR00148938,I17,BRD-A29485665-001-16-9,4.30373,4303.73,10.0,10000.0,0.04,40,DMSO,430.373,430.061040456
BR00148938,I18,BRD-K93880783-001-29-9,2.242133,2242.133,10.0,10000.0,0.04,40,DMSO,224.2133,224.079706882
BR00148938,I19,BRD-K30553453-001-14-9,3.022788,3022.788,10.0,10000.0,0.04,40,DMSO,302.2788,302.07903818
BR00148938,I20,BRD-K37130656-001-06-9,4.35881,4358.81,10.0,10000.0,0.04,40,DMSO,435.881,435.065569098
BR00148938,I21,BRD-K75615183-300-07-9,2.82233,2822.33,10.0,10000.0,0.04,40,DMSO,282.233,209.098668185
BR00148938,I22,BRD-K03243820-001-27-9,2.961999,2961.999,10.0,10000.0,0.04,40,DMSO,296.1999,296.062006087
BR00148938,I23,,,,,,0.0,0,,,
BR00148938,I24,,,,,,0.04,40,DMSO,,
BR00148938,J01,,,,,,0.0,0,,,
BR00148938,J02,,,,,,0.04,40,DMSO,,
BR00148938,J03,BRD-K83003151-057-01-6,4.61513,4615.13,10.0,10000.0,0.04,40,DMSO,461.513,339.169524941
BR00148938,J04,BRD-K51784806-001-02-9,4.06496,4064.96,10.0,10000.0,0.04,40,DMSO,406.496,406.156242642
BR00148938,J05,BRD-A45044890-236-02-3,4.975331,4975.331,10.0,10000.0,0.04,40,DMSO,497.5331,474.225368064
BR00148938,J06,BRD-K32273377-001-20-9,2.50277,2502.77,10.0,10000.0,0.04,40,DMSO,250.277,250.052446274
BR00148938,J07,BRD-K67966701-001-11-6,4.054879,4054.879,10.0,10000.0,0.04,40,DMSO,405.4879,405.226371117
BR00148938,J08,BRD-K65667145-001-19-9,2.152114,2152.114,10.0,10000.0,0.04,40,DMSO,215.2114,215.080709935
BR00148938,J09,BRD-K96734425-324-01-5,6.54605,6546.05,10.0,10000.0,0.04,40,DMSO,654.605,554.04605704
BR00148938,J10,BRD-K72215350-001-07-9,1.732096,1732.096,10.0,10000.0,0.04,40,DMSO,173.2096,173.105193351
BR00148938,J11,BRD-K88025533-001-07-9,3.074708,3074.708,10.0,10000.0,0.04,40,DMSO,307.4708,307.251129305
BR00148938,J12,BRD-K11298197-001-15-3,3.58213,3582.13,10.0,10000.0,0.04,40,DMSO,358.213,357.00046225
BR00148938,J13,BRD-K46493214-001-08-9,1.83185,1831.85,10.0,10000.0,0.04,40,DMSO,183.185,182.999013721
BR00148938,J14,BRD-K68407436-003-03-5,3.75889,3758.89,10.0,10000.0,0.04,40,DMSO,375.889,339.183443671
BR00148938,J15,BRD-K03353589-236-01-4,4.03488,4034.88,10.0,10000.0,0.04,40,DMSO,403.488,380.165744696
BR00148938,J16,BRD-K49076555-001-06-9,3.544825,3544.825,10.0,10000.0,0.04,40,DMSO,354.4825,354.219494826
BR00148938,J17,BRD-K15502390-001-24-9,2.662979,2662.979,10.0,10000.0,0.04,40,DMSO,266.2979,266.11676109
BR00148938,J18,BRD-K01826512-003-11-9,2.898,2898.0,10.0,10000.0,0.04,40,DMSO,289.8,289.123341974
BR00148938,J19,BRD-K01825000-001-02-9,1.692209,1692.209,10.0,10000.0,0.04,40,DMSO,169.2209,169.110278729
BR00148938,J20,BRD-A19952358-001-10-5,6.63074,6630.74,10.0,10000.0,0.04,40,DMSO,663.074,661.852169956
BR00148938,J21,BRD-K46523383-003-22-9,3.29862,3298.62,10.0,10000.0,0.04,40,DMSO,329.862,293.199093735
BR00148938,J22,BRD-K59456551-001-27-9,4.544393,4544.393,10.0,10000.0,0.04,40,DMSO,454.4393,454.171315854
BR00148938,J23,,,,,,0.0,0,,,
BR00148938,J24,,,,,,0.04,40,DMSO,,
BR00148938,K01,,,,,,0.0,0,,,
BR00148938,K02,,,,,,0.04,40,DMSO,,
BR00148938,K03,BRD-K20920669-304-09-1,5.143461,5143.461,10.0,10000.0,0.04,40,DMSO,514.3461,468.069261354
BR00148938,K04,BRD-K01826778-004-06-9,3.324571,3324.571,10.0,10000.0,0.04,40,DMSO,332.4571,332.222568831
BR00148938,K05,BRD-K69280563-001-01-8,7.789323,7789.323,10.0,10000.0,0.04,40,DMSO,778.9323,778.394164724
BR00148938,K06,BRD-K67637637-003-14-9,3.73873,3738.73,10.0,10000.0,0.04,40,DMSO,373.873,337.167793607
BR00148938,K07,BRD-K02729857-001-02-9,2.74295,2742.95,10.0,10000.0,0.04,40,DMSO,274.295,274.041212886
BR00148938,K08,BRD-A37390343-003-04-3,3.5397,3539.7,10.0,10000.0,0.04,40,DMSO,353.97,317.271864747
BR00148938,K09,BRD-K77251551-304-03-9,4.85439,4854.39,10.0,10000.0,0.04,40,DMSO,485.439,437.023907841
BR00148938,K10,BRD-K14171291-001-02-2,3.98428,3984.28,10.0,10000.0,0.04,40,DMSO,398.428,398.122417626
BR00148938,K11,BRD-K00003219-001-01-9,4.27191,4271.91,10.0,10000.0,0.04,40,DMSO,427.191,427.025548052
BR00148938,K12,BRD-K22685337-001-15-9,2.630365,2630.365,10.0,10000.0,0.04,40,DMSO,263.0365,262.941108346
BR00148938,K13,BRD-K59045783-001-04-9,3.974,3974.0,10.0,10000.0,0.04,40,DMSO,397.4,397.083137279
BR00148938,K14,BRD-K87827419-001-16-8,3.052,3052.0,10.0,10000.0,0.04,40,DMSO,305.2,304.074533244
BR00148938,K15,BRD-K00494077-066-03-9,5.12459,5124.59,10.0,10000.0,0.04,40,DMSO,512.459,416.109624981
BR00148938,K16,BRD-K27316855-001-15-8,4.166365,4166.365,10.0,10000.0,0.04,40,DMSO,416.6365,416.329045274
BR00148938,K17,BRD-K76775527-001-30-2,3.0831,3083.1,10.0,10000.0,0.04,40,DMSO,308.31,308.046692194
BR00148938,K18,BRD-A61850409-001-12-9,4.727428,4727.428,10.0,10000.0,0.04,40,DMSO,472.7428,472.39164553
BR00148938,K19,BRD-K87774949-001-08-9,3.84429,3844.29,10.0,10000.0,0.04,40,DMSO,384.429,384.179755276
BR00148938,K20,BRD-A05515753-001-04-0,2.49307,2493.07,10.0,10000.0,0.04,40,DMSO,249.307,249.012949225
BR00148938,K21,BRD-K55034111-066-17-1,4.29463,4294.63,10.0,10000.0,0.04,40,DMSO,429.463,333.148869726
BR00148938,K22,BRD-K05900209-001-04-2,3.69361,3693.61,10.0,10000.0,0.04,40,DMSO,369.361,369.075882012
BR00148938,K23,,,,,,0.0,0,,,
BR00148938,K24,,,,,,0.04,40,DMSO,,
BR00148938,L01,,,,,,0.0,0,,,
BR00148938,L02,,,,,,0.04,40,DMSO,,
BR00148938,L03,BRD-K66788707-001-18-9,2.852318,2852.318,10.0,10000.0,0.04,40,DMSO,285.2318,285.087332102
BR00148938,L04,BRD-A65051990-001-20-9,3.533255,3533.255,10.0,10000.0,0.04,40,DMSO,353.3255,353.089937217
BR00148938,L05,BRD-K07572174-001-47-9,3.683799,3683.799,10.0,10000.0,0.04,40,DMSO,368.3799,368.125988372
BR00148938,L06,BRD-K00004525-001-01-9,4.04482,4044.82,10.0,10000.0,0.04,40,DMSO,404.482,404.119463206
BR00148938,L07,BRD-K21913543-001-02-4,3.323063,3323.063,10.0,10000.0,0.04,40,DMSO,332.3063,332.068473494
BR00148938,L08,BRD-K01826561-001-20-9,3.924907,3924.907,10.0,10000.0,0.04,40,DMSO,392.4907,392.209992772
BR00148938,L09,BRD-K01827268-001-13-9,4.893319,4893.319,10.0,10000.0,0.04,40,DMSO,489.3319,489.11515575
BR00148938,L10,BRD-K37753391-001-05-9,9.161001,9161.001,10.0,10000.0,0.04,40,DMSO,916.1001,915.519150043
BR00148938,L11,BRD-A80908310-001-17-9,3.29864,3298.64,10.0,10000.0,0.04,40,DMSO,329.864,329.154642102
BR00148938,L12,BRD-A49399758-015-01-8,11.29269,11292.69,10.0,10000.0,0.04,40,DMSO,1129.269,1068.426954962
BR00148938,L13,BRD-K34058848-304-02-3,5.88545,5885.45,10.0,10000.0,0.04,40,DMSO,588.545,542.034823652
BR00148938,L14,BRD-K47278471-003-29-9,2.91816,2918.16,10.0,10000.0,0.04,40,DMSO,291.816,255.162314299
BR00148938,L15,BRD-K06895174-001-04-9,4.65945,4659.45,10.0,10000.0,0.04,40,DMSO,465.945,465.183062343
BR00148938,L16,BRD-K97530723-001-25-9,2.322783,2322.783,10.0,10000.0,0.04,40,DMSO,232.2783,232.121177766
BR00148938,L17,BRD-K61230716-236-03-5,0.689953,689.953,10.0,10000.0,0.04,40,DMSO,68.9953,45.992903249
BR00148938,L18,BRD-K57886322-001-17-4,4.945249,4945.249,10.0,10000.0,0.04,40,DMSO,494.5249,494.211609788
BR00148938,L19,BRD-A60635434-001-01-1,5.62695,5626.95,10.0,10000.0,0.04,40,DMSO,562.695,562.169509444
BR00148938,L20,BRD-K29653726-001-19-9,3.39362,3393.62,10.0,10000.0,0.04,40,DMSO,339.362,339.098787343
BR00148938,L21,BRD-K00004291-003-01-9,1.99313,1993.13,10.0,10000.0,0.04,40,DMSO,199.313,199.103084861
BR00148938,L22,BRD-A26711594-003-08-0,5.15986,5159.86,10.0,10000.0,0.04,40,DMSO,515.986,479.205635675
BR00148938,L23,,,,,,0.0,0,,,
BR00148938,L24,,,,,,0.04,40,DMSO,,
BR00148938,M01,,,,,,0.0,0,,,
BR00148938,M02,,,,,,0.04,40,DMSO,,
BR00148938,M03,BRD-A79981887-001-17-9,2.542823,2542.823,10.0,10000.0,0.04,40,DMSO,254.2823,254.126657074
BR00148938,M04,BRD-A48938994-001-15-8,2.1829,2182.9,10.0,10000.0,0.04,40,DMSO,218.29,218.151809192
BR00148938,M05,BRD-A60786380-412-01-5,9.10904,9109.04,10.0,10000.0,0.04,40,DMSO,910.904,677.877685302
BR00148938,M06,BRD-K34411947-001-14-1,2.652206,2652.206,10.0,10000.0,0.04,40,DMSO,265.2206,265.090999849
BR00148938,M07,BRD-K01825598-036-03-9,3.814632,3814.632,10.0,10000.0,0.04,40,DMSO,381.4632,381.215137729
BR00148938,M08,BRD-K56707426-001-03-8,2.470371,2470.371,10.0,10000.0,0.04,40,DMSO,247.0371,246.946193724
BR00148938,M09,BRD-K01825691-001-02-9,2.463016,2463.016,10.0,10000.0,0.04,40,DMSO,246.3016,246.125594442
BR00148938,M10,BRD-A53539450-001-02-9,3.69528,3695.28,10.0,10000.0,0.04,40,DMSO,369.528,369.253654731
BR00148938,M11,BRD-K25394294-001-16-9,2.933166,2933.166,10.0,10000.0,0.04,40,DMSO,293.3166,293.105193351
BR00148938,M12,BRD-A21858158-001-28-9,3.12413,3124.13,10.0,10000.0,0.04,40,DMSO,312.413,312.183778021
BR00148938,M13,BRD-A09472452-015-22-6,4.743947,4743.947,10.0,10000.0,0.04,40,DMSO,474.3947,414.137811746
BR00148938,M14,BRD-K73923631-003-03-7,4.35852,4358.52,10.0,10000.0,0.04,40,DMSO,435.852,399.139447899
BR00148938,M15,BRD-K56810756-001-08-9,0.821038,821.038,10.0,10000.0,0.04,40,DMSO,82.1038,82.053098202
BR00148938,M16,BRD-K97752965-001-16-4,2.111748,2111.748,10.0,10000.0,0.04,40,DMSO,211.1748,211.059305791
BR00148938,M17,BRD-K67080878-001-16-2,2.112194,2112.194,10.0,10000.0,0.04,40,DMSO,211.2194,211.074561925
BR00148938,M18,BRD-K20672254-046-11-9,3.56394,3563.94,10.0,10000.0,0.04,40,DMSO,356.394,206.087769148
BR00148938,M19,BRD-K80262108-001-08-9,1.091292,1091.292,10.0,10000.0,0.04,40,DMSO,109.1292,109.063997239
BR00148938,M20,BRD-K57764956-003-03-9,4.63872,4638.72,10.0,10000.0,0.04,40,DMSO,463.872,426.19531708
BR00148938,M21,BRD-K08619574-001-07-9,4.46629,4466.29,10.0,10000.0,0.04,40,DMSO,446.629,446.181017604
BR00148938,M22,BRD-K56276053-001-01-8,2.691662,2691.662,10.0,10000.0,0.04,40,DMSO,269.1662,269.049528965
BR00148938,M23,,,,,,0.0,0,,,
BR00148938,M24,,,,,,0.04,40,DMSO,,
BR00148938,N01,,,,,,0.0,0,,,
BR00148938,N02,,,,,,0.04,40,DMSO,,
BR00148938,N03,BRD-K71454870-046-01-8,3.70421,3704.21,10.0,10000.0,0.04,40,DMSO,370.421,220.103419212
BR00148938,N04,BRD-K85307935-236-11-9,6.36622,6366.22,10.0,10000.0,0.04,40,DMSO,636.622,612.231910004
BR00148938,N05,BRD-K71926323-001-18-9,3.623556,3623.556,10.0,10000.0,0.04,40,DMSO,362.3556,362.139033321
BR00148938,N06,BRD-K00003690-003-01-9,3.013801,3013.801,10.0,10000.0,0.04,40,DMSO,301.3801,301.167793607
BR00148938,N07,BRD-K92428153-001-04-4,4.334947,4334.947,10.0,10000.0,0.04,40,DMSO,433.4947,433.210052351
BR00148938,N08,BRD-K81130846-001-18-9,1.37136,1371.36,10.0,10000.0,0.04,40,DMSO,137.136,137.047678473
BR00148938,N09,BRD-K89056082-001-08-5,1.42583,1425.83,10.0,10000.0,0.04,40,DMSO,142.583,142.018542553
BR00148938,N10,BRD-K93779381-001-02-9,4.305339,4305.339,10.0,10000.0,0.04,40,DMSO,430.5339,430.23553882
BR00148938,N11,BRD-K22149900-001-06-2,5.58135,5581.35,10.0,10000.0,0.04,40,DMSO,558.135,557.22273844
BR00148938,N12,BRD-K89732114-300-20-9,4.80417,4804.17,10.0,10000.0,0.04,40,DMSO,480.417,407.164303088
BR00148938,N13,BRD-K13409143-001-02-7,2.704507,2704.507,10.0,10000.0,0.04,40,DMSO,270.4507,270.255880332
BR00148938,N14,BRD-K26521938-001-12-9,3.524651,3524.651,10.0,10000.0,0.04,40,DMSO,352.4651,352.224974134
BR00148938,N15,BRD-K49671696-045-08-5,5.455136,5455.136,10.0,10000.0,0.04,40,DMSO,545.5136,395.16451979
BR00148938,N16,BRD-K92760278-001-08-1,3.763639,3763.639,10.0,10000.0,0.04,40,DMSO,376.3639,376.138284392
BR00148938,N17,BRD-K01824979-003-05-9,3.6075,3607.5,10.0,10000.0,0.04,40,DMSO,360.75,324.106984264
BR00148938,N18,BRD-K00002625-402-02-9,12.13417,12134.17,10.0,10000.0,0.04,40,DMSO,1213.417,1092.643062196
BR00148938,N19,BRD-K00004318-001-01-9,7.05633,7056.33,10.0,10000.0,0.04,40,DMSO,705.633,704.239307158
BR00148938,N20,BRD-K73642618-001-14-9,3.44247,3442.47,10.0,10000.0,0.04,40,DMSO,344.247,343.08953961
BR00148938,N21,BRD-K06335600-003-25-9,2.90172,2901.72,10.0,10000.0,0.04,40,DMSO,290.172,253.018893678
BR00148938,N22,BRD-K63794707-001-20-9,3.645204,3645.204,10.0,10000.0,0.04,40,DMSO,364.5204,364.240230268
BR00148938,N23,,,,,,0.0,0,,,
BR00148938,N24,,,,,,0.04,40,DMSO,,
BR00148938,O01,,,,,,0.0,0,,,
BR00148938,O02,,,,,,0.04,40,DMSO,,
BR00148938,O03,BRD-A52977603-001-01-2,18.822947,18822.947,10.0,10000.0,0.04,40,DMSO,1882.2947,1881.070533154
BR00148938,O04,BRD-K60348325-001-10-9,3.85574,3855.74,10.0,10000.0,0.04,40,DMSO,385.574,385.263825491
BR00148938,O05,BRD-K15318383-201-01-5,8.399626,8399.626,10.0,10000.0,0.04,40,DMSO,839.9626,822.403785936
BR00148938,O06,BRD-K12742203-003-01-7,3.455246,3455.245509,10.048788,10048.787714,0.04,40,DMSO,343.847,307.157228921
BR00148938,O07,BRD-K00077635-304-01-2,5.66363,5663.63,10.0,10000.0,0.04,40,DMSO,566.363,519.134429687
BR00148938,O08,BRD-K33813875-003-01-8,6.01281,6012.81,10.0,10000.0,0.04,40,DMSO,601.281,564.359693474
BR00148938,O09,BRD-K31965398-003-05-9,8.4834,8483.4,10.0,10000.0,0.04,40,DMSO,848.34,811.341520011
BR00148938,O10,BRD-K72259270-003-28-9,3.25873,3258.73,10.0,10000.0,0.04,40,DMSO,325.873,289.204179113
BR00148938,O11,BRD-K91263825-003-23-9,2.99838,2998.38,10.0,10000.0,0.04,40,DMSO,299.838,263.167399677
BR00148938,O12,BRD-K94250879-001-01-9,1.991608,1991.608,10.0,10000.0,0.04,40,DMSO,199.1608,199.048072403
BR00148938,O13,BRD-K00003542-001-01-9,8.430527,8430.527,10.0,10000.0,0.04,40,DMSO,843.0527,842.514005086
BR00148938,O14,BRD-K01292756-001-35-9,4.615462,4615.462,10.0,10000.0,0.04,40,DMSO,461.5462,461.227868975
BR00148938,O15,BRD-K96037667-001-04-9,3.404559,3404.559,10.0,10000.0,0.04,40,DMSO,340.4559,340.203844762
BR00148938,O16,BRD-K18324993-001-01-6,2.934458,2934.458,10.0,10000.0,0.04,40,DMSO,293.4458,293.214349869
BR00148938,O17,BRD-K00003660-001-01-9,6.398186,6398.186,10.0,10000.0,0.04,40,DMSO,639.8186,639.377117677
BR00148938,O18,BRD-K69907333-001-11-9,2.442609,2442.609,10.0,10000.0,0.04,40,DMSO,244.2609,244.089957865
BR00148938,O19,BRD-K93231391-300-08-9,2.77232,2772.32,10.0,10000.0,0.04,40,DMSO,277.232,204.183778022
BR00148938,O20,BRD-K62200014-003-11-3,2.92549,2925.49,10.0,10000.0,0.04,40,DMSO,292.549,254.996617275
BR00148938,O21,BRD-K32311154-001-01-0,4.054482,4054.482,10.0,10000.0,0.04,40,DMSO,405.4482,405.201218999
BR00148938,O22,BRD-A54635441-078-09-1,5.47705,5477.05,10.0,10000.0,0.04,40,DMSO,547.705,339.219829177
BR00148938,O23,,,,,,0.0,0,,,
BR00148938,O24,,,,,,0.04,40,DMSO,,
BR00148938,P01,,,,,,0.0,0,,,
BR00148938,P02,,,,,,0.04,40,DMSO,,
BR00148938,P03,BRD-K62685538-001-02-9,13.114487,13114.487,10.0,10000.0,0.04,40,DMSO,1311.4487,1310.6308748
BR00148938,P04,BRD-K63835048-001-02-9,4.72579,4725.79,10.0,10000.0,0.04,40,DMSO,472.579,472.145026028
BR00148938,P05,BRD-K91938660-003-10-9,2.15763,2157.63,10.0,10000.0,0.04,40,DMSO,215.763,179.167399677
BR00148938,P06,BRD-K00003266-001-01-9,5.16656,5166.56,10.0,10000.0,0.04,40,DMSO,516.656,516.25187436
BR00148938,P07,BRD-A41250306-001-11-7,3.79883,3798.83,10.0,10000.0,0.04,40,DMSO,379.883,379.042725166
BR00148938,P08,BRD-K17979676-001-02-9,2.82766,2827.66,10.0,10000.0,0.04,40,DMSO,282.766,282.113505569
BR00148938,P09,BRD-K14704277-001-26-9,2.622182,2622.182,10.0,10000.0,0.04,40,DMSO,262.2182,262.05897144
BR00148938,P10,BRD-A00827783-001-25-9,2.542426,2542.426,10.0,10000.0,0.04,40,DMSO,254.2426,254.101504956
BR00148938,P11,BRD-K17828029-001-02-9,2.502903,2502.903,10.0,10000.0,0.04,40,DMSO,250.2903,250.120509064
BR00148938,P12,BRD-K70592963-001-31-6,2.222387,2222.387,10.0,10000.0,0.04,40,DMSO,222.2387,222.068079564
BR00148938,P13,BRD-K95785345-300-14-8,3.38276,3382.76,10.0,10000.0,0.04,40,DMSO,338.276,265.112306876
BR00148938,P14,BRD-K06181161-001-18-9,3.33465,3334.65,10.0,10000.0,0.04,40,DMSO,333.465,333.230393863
BR00148938,P15,BRD-K00003407-001-01-9,3.06701,3067.01,10.0,10000.0,0.04,40,DMSO,306.701,306.040734557
BR00148938,P16,BRD-M55321172-001-03-3,1.670107,1670.107,10.0,10000.0,0.04,40,DMSO,167.0107,166.876000313
BR00148938,P17,BRD-K68507560-003-24-6,3.45948,3459.48,10.0,10000.0,0.04,40,DMSO,345.948,309.266779369
BR00148938,P18,BRD-K26262077-238-03-9,2.23304,2233.04,10.0,10000.0,0.04,40,DMSO,223.304,181.040878535
BR00148938,P19,BRD-A30815329-001-13-9,3.84254,3842.54,10.0,10000.0,0.04,40,DMSO,384.254,383.069113515
BR00148938,P20,BRD-K46692793-004-01-8,5.09498,5094.98,10.0,10000.0,0.04,40,DMSO,509.498,428.258954337
BR00148938,P21,BRD-A42379279-065-03-8,7.83769,7837.69,10.0,10000.0,0.04,40,DMSO,783.769,685.325584661
BR00148938,P22,BRD-K27393415-001-02-9,3.54809,3548.09,10.0,10000.0,0.04,40,DMSO,354.809,354.044105375
BR00148938,P23,,,,,,0.0,0,,,
BR00148938,P24,,,,,,0.04,40,DMSO,,
