entrez_id,gene_symbol,chromosome,start,end
6339,SCNN1D,1,1280436,1292029
2563,GABRD,1,2019305,2030758
5590,PRKCZ,1,2050396,2185721
765,CA6,1,8945867,8975092
5293,PIK3CD,1,9629889,9730119
5226,PGD,1,10398592,10420511
2475,MTOR,1,11106531,11262556
5351,PLOD1,1,11934205,11975542
9249,DHRS3,1,12563619,12620183
1187,CLCNKA,1,16018146,16034109
1188,CLCNKB,1,16040252,16057367
1969,EPHA2,1,16124337,16156141
6390,SDHB,1,17018664,17054210
11240,PADI2,1,17066761,17119459
29943,PADI1,1,17205120,17246007
51702,PADI3,1,17249093,17284233
23569,PADI4,1,17308195,17364004
353238,PADI6,1,17372196,17401699
80834,TAS1R2,1,18839599,18859660
3362,HTR6,1,19664837,19680966
30814,PLA2G2E,1,19920009,19923617
5320,PLA2G2A,1,19975431,19980462
249,ALPL,1,21508813,21579441
2046,EPHA8,1,22563461,22603595
2048,EPHB2,1,22710798,22921500
23028,KDM1A,1,23019395,23083704
3352,HTR1D,1,23190178,23217547
2582,GALE,1,23795599,23800804
1269,CNR2,1,23870515,23913396
378807,CATSPER4,1,26190561,26202968
6548,SLC9A1,1,27098809,27166981
2268,FGR,1,27611388,27635565
5724,PTAFR,1,28147166,28194083
4985,OPRD1,1,28812089,28871267
3932,LCK,1,32251244,32286170
3065,HDAC1,1,32291919,32333635
113451,AZIN2,1,33081104,33123492
2709,GJB5,1,34755013,34758512
127534,GJB4,1,34759740,34763724
2707,GJB3,1,34781175,34786369
2701,GJA4,1,34792992,34795756
5690,PSMB2,1,35599541,35641568
2899,GRIK3,1,36795527,37034533
284656,EPHA10,1,37713880,37765155
81025,GJA9,1,38874069,38881587
64064,OXCT2,1,39769523,39771348
9132,KCNQ4,1,40783675,40840457
1503,CTPS1,1,40979300,41056384
10465,PPIH,1,42658185,42676758
64175,P3H1,1,42746335,42767084
4352,MPL,1,43337808,43354466
6536,SLC6A9,1,43989353,44031767
10327,AKR1A1,1,45550475,45570051
2166,FAAH,1,46394265,46415754
51727,CMPK1,1,47333780,47409050
6512,SLC1A7,1,53087179,53142638
1733,DIO1,1,53891239,53911086
25973,PARS2,1,54756591,54764549
5563,PRKAA2,1,56645206,56715335
3725,JUN,1,58776845,58784048
1573,CYP2J2,1,59893291,59926828
3716,JAK1,1,64833223,65067754
5142,PDE4B,1,65792514,66374582
1491,CTH,1,70406194,70443519
5733,PTGER3,1,70852305,71047823
1429,CRYZ,1,74700529,74733128
5737,PTGFR,1,78303884,78540701
23576,DDAH1,1,85318481,85578363
1179,CLCA1,1,86468368,86501401
56267,CCBL2,1,88921037,88993002
2730,GCLM,1,93885199,93909654
1806,DPYD,1,97077743,97995000
1901,S1PR1,1,101235366,101243749
280,AMY2B,1,103553815,103579534
279,AMY2A,1,103617427,103625780
276,AMY1A,1,103650592,103664629
5686,PSMA5,1,109399042,109426471
1435,CSF1,1,109910242,109930993
3749,KCNC4,1,110210095,110283100
3744,KCNA10,1,110517217,110519175
3737,KCNA2,1,110519837,110631474
3738,KCNA3,1,110653560,110674940
140,ADORA3,1,111499429,111503854
3752,KCND3,1,111770662,111990131
476,ATP1A1,1,116372668,116410261
10352,WARS2,1,119029164,119140679
51179,HAO2,1,119368727,119394258
5565,PRKAB2,1,147155106,147173716
2702,GJA5,1,147755804,147773390
2703,GJA8,1,147902795,147909269
2209,FCGR1A,1,149734951,149792526
9900,SV2A,1,149903318,149918572
23632,CA14,1,150257069,150265078
4170,MCL1,1,150560895,150579738
1520,CTSS,1,150730079,150765957
1513,CTSK,1,150794880,150809577
5692,PSMB4,1,151399556,151401941
6097,RORC,1,151806021,151831845
6283,S100A12,1,153373703,153375660
6275,S100A4,1,153543613,153552135
6273,S100A2,1,153560950,153586676
6271,S100A1,1,153608923,153632044
6284,S100A13,1,153618612,153634442
4881,NPR1,1,153677965,153694110
1141,CHRNB2,1,154567771,154580013
3782,KCNN3,1,154697455,154870340
57657,HCN3,1,155277328,155289848
2224,FDPS,1,155304786,155320666
632,BGLAP,1,156242154,156243317
4914,NTRK1,1,156815636,156881850
3766,KCNJ10,1,159998651,160070483
477,ATP1A2,1,160115755,160143605
480,ATP1A4,1,160151586,160187593
9970,NR1I3,1,161228775,161238276
6391,SDHC,1,161314352,161363774
22926,ATF6,1,161766243,161977574
4921,DDR2,1,162630857,162787405
6258,RXRG,1,165400922,165445355
7371,UCK2,1,165827491,165911618
481,ATP1B1,1,169105697,169311254
10560,SLC19A2,1,169463539,169485988
55157,DARS2,1,173824540,173858808
462,SERPINC1,1,173903414,173917543
27,ABL2,1,179099330,179229684
6646,SOAT1,1,179293440,179358680
777,CACNA1E,1,181317690,181813262
2752,GLUL,1,182378098,182392206
4688,NCF2,1,183554461,183593499
5743,PTGS2,1,186671791,186680922
5321,PLA2G4A,1,186828949,186989902
779,CACNA1S,1,201039512,201112464
6051,RNPEP,1,201982372,202006175
134,ADORA1,1,203090654,203167407
5972,REN,1,204154815,204190324
553,AVPR1B,1,206106936,206117699
1604,CD55,1,207321171,207386804
3290,HSD11B1,1,209686174,209745624
3756,KCNH1,1,210676823,211134183
467,ATF3,1,212565334,212620777
3776,KCNK2,1,215005775,215237329
2104,ESRRG,1,216503246,217137755
2058,EPRS,1,219968598,220046669
29920,PYCR2,1,225914982,225924340
142,PARP1,1,226360210,226408154
57165,GJC2,1,228149891,228159826
58,ACTA1,1,229430365,229434789
54583,EGLN1,1,231359560,231422749
3775,KCNK1,1,233614021,233676655
9453,GGPS1,1,235327350,235344544
4548,MTR,1,236795260,236921278
6262,RYR2,1,237042184,237833988
1131,CHRM3,1,239386513,239915452
159,ADSS,1,244407274,244452102
7173,TPO,2,1373933,1543711
6241,RRM2,2,10120698,10213114
4953,ODC1,2,10435417,10450116
3754,KCNF1,2,10911096,10914225
9475,ROCK2,2,11179759,11348330
23620,NTSR2,2,11658161,11670346
3790,KCNS3,2,17877847,18361616
57665,RDH14,2,18554543,18560697
5443,POMC,2,25160361,25168952
1788,DNMT3A,2,25227855,25342590
3777,KCNK3,2,26692713,26733420
8884,SLC5A6,2,27199587,27212958
790,CAD,2,27217345,27245683
238,ALK,2,29190995,29921586
7498,XDH,2,31334320,31414756
6716,SRD5A2,2,31522480,31580943
1545,CYP1B1,2,38066973,38109902
6546,SLC8A1,2,40097270,40611053
170850,KCNG3,2,42442017,42494916
6519,SLC3A1,2,44275458,44322674
5581,PRKCE,2,45651096,46187990
56660,KCNK12,2,47509290,47570993
3973,LHCGR,2,48686774,48755731
2492,FSHR,2,48962157,49154527
6509,SLC1A4,2,64988477,65023865
56655,POLE4,2,74958636,75147205
6869,TACR1,2,75046463,75199526
8802,SUCLG1,2,84423526,84460045
54884,RETSAT,2,85341948,85354655
2677,GGCX,2,85544720,85561838
151,ADRA2B,2,96112876,96116571
1329,COX5B,2,97646034,97648383
3553,IL1B,2,112829750,112864235
1622,DBI,2,119366872,119372560
5775,PTPN4,2,119759604,119986928
10746,MAP3K2,2,127298668,127388465
5624,PROC,2,127415933,127429762
112714,TUBA3E,2,130191743,130198461
113457,TUBA3D,2,131476118,131482935
3938,LCT,2,135787850,135837184
1615,DARS,2,135904936,135986100
7852,CXCR4,2,136114349,136119177
3176,HNMT,2,137963988,138016818
8942,KYNU,2,142811826,143055833
785,CACNB4,2,151832771,152099182
1803,DPP4,2,161992243,162074639
90134,KCNH7,2,162365721,162838791
6328,SCN3A,2,165087516,165204093
6326,SCN2A,2,165194993,165392310
6323,SCN1A,2,165984641,166182806
6335,SCN9A,2,166195185,166376001
6332,SCN7A,2,166403472,166611482
8647,ABCB11,2,168915498,169031332
9360,PPIG,2,169584337,169642124
2571,GAD1,2,170813213,170861151
8604,SLC25A12,2,171781168,171999859
1134,CHRNA1,2,174747592,174787935
1386,ATF2,2,175072250,175168382
50940,PDE11A,2,177623244,178108339
5136,PDE1A,2,182139968,182523359
26275,HIBCH,2,190189735,190344193
2744,GLS,2,190880322,190965552
9262,STK17B,2,196133559,196176503
316,AOX1,2,200585864,200677064
1385,CREB1,2,207529697,207605988
4133,MAP2,2,209423988,209734235
1373,CPS1,2,210477641,210679109
2066,ERBB4,2,211375717,212539266
471,ATIC,2,215311956,215352251
3579,CXCR2,2,218125269,218137251
3577,CXCR1,2,218162841,218166969
151306,GPBAR1,2,218259496,218263861
53632,PRKAG3,2,218819050,218832086
7277,TUBA4A,2,219249710,219277902
23549,DNPEP,2,219360090,219400022
2043,EPHA4,2,221418027,221574202
2181,ACSL3,2,222860942,222944639
80704,SLC19A3,2,227683763,227718088
9290,GPR55,2,230907318,230961066
5707,PSMD1,2,231056845,231173116
3357,HTR2B,2,231108230,231125103
5147,PDE6D,2,231732354,231786272
251,ALPPL2,2,232406837,232410714
1144,CHRND,2,232525993,232536667
1146,CHRNG,2,232539692,232548115
3769,KCNJ13,2,232765802,232776566
4759,NEU2,2,233023032,233042480
54600,UGT1A9,2,233671734,233773310
54578,UGT1A6,2,233691607,233773300
54658,UGT1A1,2,233760262,233773313
79054,TRPM8,2,233917373,234019522
57007,ACKR3,2,236567692,236582358
9759,HDAC4,2,239048168,239401661
2859,GPR35,2,240605404,240633159
189,AGXT,2,240868543,240881531
3708,ITPR1,3,4493345,4847518
2917,GRM7,3,6770001,7741567
5021,OXTR,3,8750381,8769628
6529,SLC6A1,3,10992177,11039247
3269,HRH1,3,11137093,11263731
5468,PPARG,3,12287368,12455622
5894,RAF1,3,12582101,12664201
79885,HDAC11,3,13479724,13506424
7182,NR2C2,3,14947324,15053600
131096,KCNH8,3,19148102,19535642
8850,KAT2B,3,20040055,20154405
7068,THRB,3,24117153,24495756
5915,RARB,3,24687887,25597932
7155,TOP2B,3,25597978,25664973
1233,CCR4,3,32951644,32957120
6331,SCN5A,3,38548057,38649743
6336,SCN10A,3,38696802,38816286
11280,SCN11A,3,38845758,39052157
1499,CTNNB1,3,41194741,41260096
729230,CCR2,3,46353864,46360940
1234,CCR5,3,46370939,46377528
4057,LTF,3,46434347,46485234
4134,MAP4,3,47850678,48089299
3615,IMPDH2,3,49024315,49029452
9254,CACNA2D2,3,50362613,50504244
2912,GRM2,3,51707057,51718616
95,ACY1,3,51983047,51989457
54106,TLR9,3,52221080,52225651
7134,TNNC1,3,52451082,52454071
11188,NISCH,3,52455118,52493081
5580,PRKCD,3,53156009,53192717
776,CACNA1D,3,53328963,53813733
55799,CACNA2D3,3,54122127,55074557
8801,SUCLG2,3,67240707,67654630
3355,HTR1F,3,87792548,87993839
2042,EPHA3,3,89107522,89482437
5627,PROS1,3,93873038,93980003
285220,EPHA6,3,96813355,97761532
523,ATP6V1A,3,113746296,113812251
1814,DRD3,3,114127580,114199407
8856,NR1I2,3,119780484,119818718
6565,SLC15A2,3,121894355,121944188
846,CASR,3,122183665,122291629
111,ADCY5,3,123282296,123449795
2815,GP9,3,129060774,129062435
6010,RHO,3,129528637,129535344
27032,ATP2C1,3,130850504,131016759
79858,NEK11,3,131026845,131353043
2047,EPHB1,3,134795252,135260467
5096,PCCB,3,136250314,136351450
5291,PIK3CB,3,138652336,138834964
5947,RBP1,3,139517434,139540396
483,ATP1B3,3,141876111,141927499
185,AGTR1,3,148697784,148743045
53829,P2RY13,3,151326312,151329555
64805,P2RY12,3,151336843,151384765
56670,SUCNR1,3,151873635,151884619
5028,P2RY1,3,152835131,152841439
4311,MME,3,155024124,155183813
8833,GMPS,3,155870467,155944020
5918,RARRES1,3,158689042,158732802
6476,SI,3,164978898,165078496
590,BCHE,3,165772900,165837462
5584,PRKCI,3,170222124,170322329
10242,KCNMB2,3,178272932,178847008
5290,PIK3CA,3,179148114,179240093
27094,KCNMB3,3,179236690,179267002
56922,MCCC1,3,183015218,183116075
200909,HTR3D,3,184031544,184039369
170572,HTR3C,3,184053047,184060673
285242,HTR3E,3,184097064,184106995
5708,PSMD2,3,184299157,184309054
1181,CLCN2,3,184346185,184363274
2049,EPHB3,3,184561751,184582408
6750,SST,3,187668856,187670401
55214,P3H2,3,189956728,190122437
10188,TNK2,3,195863364,195911945
5158,PDE6B,4,625559,670782
2261,FGFR3,4,1793286,1808873
152,ADRA2C,4,3766348,3768526
6286,S100P,4,6693821,6697171
1816,DRD5,4,9781387,9784012
683,BST1,4,15702993,15775614
55300,PI4K2B,4,25160663,25280542
886,CCKAR,4,26481396,26490484
55584,CHRNA9,4,40335302,40355303
386617,KCTD8,4,44173903,44448930
2565,GABRG1,4,46035769,46124089
2555,GABRA2,4,46243548,46475230
2557,GABRA4,4,46918900,46993590
2560,GABRB1,4,46993723,47428254
7294,TXK,4,48063158,48134265
5156,PDGFRA,4,54229130,54298246
3815,KIT,4,54657267,54740783
3791,KDR,4,55078144,55125623
79644,SRD5A3,4,55346073,55373100
5471,PPAT,4,56393362,56436038
10606,PAICS,4,56435058,56464578
2044,EPHA5,4,65319563,65670528
2798,GNRHR,4,67737118,67754403
6783,SULT1E1,4,69822203,69861075
1633,DCK,4,70992538,71030914
213,ALB,4,73397114,73426607
5311,PKD2,4,88007586,88077777
9429,ABCG2,4,88088127,88231818
2895,GRID2,4,92303966,93810157
27306,HPGDS,4,94298507,94342876
124,ADH1A,4,99275958,99291552
125,ADH1B,4,99304971,99321659
126,ADH1C,4,99336093,99382896
4547,MTTP,4,99564081,99623997
5530,PPP3CA,4,101023409,101348278
4790,NFKB1,4,102500911,102617302
2028,ENPEP,4,110365733,110565286
8654,PDE5A,4,119494397,119629259
3558,IL2,4,122451470,122456725
10733,PLK4,4,127880890,127899224
23657,SLC7A11,4,138164097,138242541
1909,EDNRA,4,147480769,147544954
4306,NR3C2,4,148078762,148445549
5188,GATB,4,151670053,151761038
9227,LRAT,4,154626945,154753158
4887,NPY2R,4,155208627,155217078
2982,GUCY1A3,4,155666697,155737059
2983,GUCY1B3,4,155758988,155807811
2743,GLRB,4,157076094,157172097
2891,GRIA2,4,157204182,157387146
4886,NPY1R,4,163323085,163344852
1182,CLCN3,4,169612438,169723673
51166,AADAT,4,170059663,170091699
8001,GLRA3,4,174636920,174829247
2180,ACSL1,4,184755501,184826853
291,SLC25A4,4,185143233,185150393
4543,MTNR1A,4,186526792,186555567
6389,SDHA,5,218206,257084
7015,TERT,5,1253147,1295086
6531,SLC6A3,5,1392794,1445514
6715,SRD5A1,5,6633290,6676539
108,ADCY2,5,7395681,7830638
4552,MTRR,5,7851186,7906025
64902,AGXT2,5,34997427,35048240
133688,UGT3A1,5,35951006,36001028
6507,SLC1A3,5,36596584,36688335
5734,PTGER4,5,40679441,40693753
5562,PRKAA1,5,40759389,40798374
5019,OXCT1,5,41729460,41870590
348980,HCN1,5,45254948,45696498
5144,PDE4D,5,58969038,60522120
3350,HTR1A,5,63957874,63962507
64087,MCCC2,5,71579531,71658706
3156,HMGCR,5,75336329,75364241
2149,F2R,5,76715820,76735770
8622,PDE8B,5,77210449,77428737
23743,BHMT2,5,79069542,79090084
635,BHMT,5,79111803,79132291
1719,DHFR,5,80626226,80655002
1160,CKMT2,5,81232673,81266400
1462,VCAN,5,83471618,83585130
1404,HAPLN1,5,83637805,83723528
1350,COX7C,5,86617884,86621645
1105,CHD1,5,98853985,98929627
83942,TSSK1B,5,113432553,113434989
3781,KCNN2,5,114055926,114496500
1036,CDO1,5,115804733,115816820
3295,HSD17B4,5,119452465,119637199
5480,PPIC,5,123022052,123036727
6558,SLC12A2,5,128083165,128189687
3094,HINT1,5,131155383,131224468
3562,IL3,5,132060655,132063204
8974,P4HA2,5,132190094,132295315
3567,IL5,5,132541444,132556838
819,CAMLG,5,134737608,134752705
347732,CATSPER3,5,134967907,135011696
57113,TRPC7,5,136212745,136365545
9963,SLC23A1,5,139366642,139385495
8841,HDAC3,5,141620766,141637304
2246,FGF1,5,142592163,142698070
2908,NR3C1,5,143277931,143435512
57528,KCTD16,5,144170844,144485686
3360,HTR4,5,148446042,148677235
154,ADRB2,5,148826611,148828623
5145,PDE6A,5,149857953,149945287
1436,CSF1R,5,150053291,150113372
5159,PDGFRB,5,150113839,150186363
6534,SLC6A7,5,150190041,150222788
153201,SLC36A2,5,151314972,151347602
206358,SLC36A1,5,151437046,151525119
475,ATOX1,5,151728919,151772532
2741,GLRA1,5,151822513,151924851
2890,GRIA1,5,153489615,153813869
3702,ITK,5,157142933,157255185
147,ADRA1B,5,159865080,159973012
2172,FABP6,5,160187363,160238735
2561,GABRB2,5,161288418,161549044
2559,GABRA6,5,161547063,161702593
2554,GABRA1,5,161847063,161899981
2566,GABRG2,5,162000057,162162977
3161,HMMR,5,163460203,163491945
3779,KCNMB1,5,170364749,170480428
2568,GABRP,5,170763350,170814047
6793,STK10,5,172042079,172188411
1812,DRD1,5,175440027,175444794
3274,HRH2,5,175657677,175710756
2264,FGFR4,5,177086456,177098156
2161,F12,5,177402133,177416583
85007,PHYKPL,5,178207127,178233208
2916,GRM6,5,178977587,178996206
2324,FLT4,5,180601506,180649634
4835,NQO2,6,2987987,3022745
7280,TUBB2A,6,3153497,3157553
347733,TUBB2B,6,3223324,3231730
23408,SIRT5,6,13512411,13615158
7172,TPMT,6,18128311,18155348
7915,ALDH5A1,6,24494788,24544150
2550,GABBR1,6,29552554,29633976
203068,TUBB,6,30717435,30725538
780,DDR1,6,30876421,30900978
7124,TNF,6,31575558,31578336
23564,DDAH2,6,31726586,31730617
3303,HSPA1A,6,31815543,31817994
4758,NEU1,6,31857063,31862905
177,AGER,6,32180963,32184365
5696,PSMB8,6,32840717,32844679
5698,PSMB9,6,32844136,32882881
6257,RXRB,6,33193585,33200693
3710,ITPR3,6,33620331,33696575
2914,GRM4,6,34018643,34155622
5467,PPARD,6,35342530,35428193
5292,PIM1,6,37170152,37175428
2739,GLO1,6,38675925,38703178
2740,GLP1R,6,39048562,39091303
7422,VEGFA,6,43770184,43786487
2030,SLC29A1,6,44219245,44243425
57505,AARS2,6,44298726,44313376
4594,MUT,6,49430360,49463321
2729,GCLC,6,53497341,53616970
51557,LGSN,6,63275951,63321823
56479,KCNQ5,6,72621623,73198853
3351,HTR1B,6,77460924,77463491
4907,NT5E,6,85449584,85547684
3354,HTR1E,6,86936662,87019942
375519,GJB7,6,87282980,87329278
1268,CNR1,6,88139863,88167364
84694,GJA10,6,89894469,89921760
2045,EPHA7,6,93240010,93419687
2898,GRIK2,6,100962701,102081622
5550,PREP,6,105273218,105454062
262,AMD1,6,110874770,110898879
2534,FYN,6,111660332,111873479
51175,TUBE1,6,112070660,112087569
3066,HDAC2,6,113923388,114011308
2444,FRK,6,115931149,116061093
222545,GPRC6A,6,116792085,116829083
2697,GJA1,6,121435577,121449739
383,ARG1,6,131470832,131584332
5167,ENPP1,6,131807993,131895160
134864,TAAR1,6,132643312,132659207
6446,SGK1,6,134169248,134318117
27115,PDE7B,6,135851587,136195574
100126572,GJE1,6,142132925,142135358
2911,GRM1,6,146027646,146437601
2099,ESR1,6,151651284,152129619
4988,OPRM1,6,154010496,154246867
39,ACAT2,6,159761445,159788182
4018,LPA,6,160531482,160664276
5340,PLG,6,160702105,160754469
10846,PDE10A,6,165327287,165988117
5689,PSMB1,6,170428569,170553327
2852,GPER1,7,1082208,1094516
222962,SLC29A4,7,5274369,5307194
5879,RAC1,7,6374098,6404016
221955,DAGLB,7,6406395,6484190
196,AHR,7,16916359,17346152
9734,HDAC9,7,18086588,19002416
3569,IL6,7,22725884,22732002
1395,CRHR2,7,30651444,30700129
358,AQP1,7,30910755,30925517
5137,PDE1C,7,31615753,32428131
5683,PSMA2,7,42916828,42932223
644,BLVRA,7,43758009,43808868
2645,GCK,7,44143213,44198170
29881,NPC1L1,7,44512442,44541330
4967,OGDH,7,44606496,44710116
5478,PPIA,7,44796620,44824564
107,ADCY1,7,45574140,45723126
1644,DDC,7,50458436,50565468
1956,EGFR,7,55018820,55211628
154807,VKORC1L1,7,65873069,65959563
435,ASL,7,66075800,66094697
2006,ELN,7,74027773,74069909
3984,LIMK1,7,74082933,74122527
653361,NCF1,7,74773975,74790135
5447,POR,7,75899200,75986855
3315,HSPB1,7,76302666,76305813
781,CACNA2D1,7,81946444,82444194
2913,GRM3,7,86643903,86864884
54677,CROT,7,87317127,87399800
5243,ABCB1,7,87501989,87713379
1595,CYP51A1,7,92084502,92134803
1021,CDK6,7,92604921,92837004
5444,PON1,7,95297108,95325949
10165,SLC25A13,7,96120218,96322181
440,ASNS,7,97850162,97893143
1577,CYP3A5,7,99647442,99680043
1551,CYP3A7,7,99704105,99735196
1576,CYP3A4,7,99756954,99784327
64816,CYP3A43,7,99827922,99867801
349149,GJC3,7,99923266,99929620
2050,EPHB4,7,100802563,100827584
43,ACHE,7,100889993,100897022
8985,PLOD3,7,101205977,101219968
5294,PIK3CG,7,106865278,106908980
1738,DLD,7,107891136,107931730
4233,MET,7,116672051,116798391
1080,CFTR,7,117287120,117715971
3751,KCND2,7,120272812,120750337
10157,AASS,7,122064583,122144489
6561,SLC13A1,7,123113531,123200047
2918,GRM8,7,126437159,127253093
3614,IMPDH1,7,128392277,128410009
6608,SMO,7,129188501,129213546
231,AKR1B1,7,134441789,134459284
57016,AKR1B10,7,134527475,134541903
1129,CHRM2,7,136868593,137020255
6718,AKR1D1,7,138002324,138118306
6916,TBXAS1,7,139777051,140020325
673,BRAF,7,140719327,140925199
8972,MGAM,7,141907813,142106747
5644,PRSS1,7,142749468,142753072
2051,EPHB6,7,142854809,142872810
56302,TRPV5,7,142904277,142933746
1180,CLCN1,7,143316111,143353744
2041,EPHA1,7,143390289,143408880
27010,TPK1,7,144451941,144836419
26,AOC1,7,150824627,150872465
3757,KCNH2,7,150944064,150978394
4846,NOS3,7,150991017,151015653
9311,ASIC3,7,151048292,151052756
51422,PRKAG2,7,151556010,151877563
3361,HTR5A,7,155070319,155087392
640,BLK,8,11486894,11564599
4023,LPL,8,19901717,19967653
6570,SLC18A1,8,20144186,20183206
10863,ADAM28,8,24294013,24359014
2796,GNRH1,8,25419258,25424654
148,ADRA1A,8,26748123,26867380
2185,PTK2B,8,27311456,27459392
1135,CHRNA2,8,27459756,27479883
2936,GSR,8,30678061,30727977
11212,PROSC,8,37762580,37782218
155,ADRB3,8,37962990,37966614
2260,FGFR1,8,38400215,38468834
3620,IDO1,8,39902275,39928888
5327,PLAT,8,42174718,42207709
3551,IKBKB,8,42271302,42332460
5423,POLB,8,42338454,42373513
1142,CHRNB3,8,42697341,42738553
8973,CHRNA6,8,42752620,42796392
2339,FNTA,8,43034194,43085793
5591,PRKDC,8,47772970,47960182
4986,OPRK1,8,53225724,53251740
4067,LYN,8,55879797,56014169
1581,CYP7A1,8,58490174,58500164
767,CA8,8,60185412,60281573
444,ASPH,8,61491715,61714822
5150,PDE7A,8,65714334,65842573
8989,TRPA1,8,72019608,72089998
9312,KCNB2,8,72537220,72938349
5569,PKIA,8,78516303,78605267
2167,FABP4,8,81474792,81483243
377677,CA13,8,85220587,85312091
759,CA1,8,85327608,85379014
761,CA3,8,85373436,85449045
760,CA2,8,85463860,85481493
10404,PGCP,8,96644982,97152036
10247,HRSP12,8,98085179,98117206
3788,KCNS2,8,98426870,98433657
1345,COX6C,8,99870615,99893762
50484,RRM2B,8,102204502,102239382
7201,TRHR,8,109086585,109121565
27012,KCNV1,8,109963612,109975781
6713,SQLE,8,124998467,125022294
3786,KCNQ3,8,132120861,132481095
51305,KCNK9,8,139600838,139704146
1584,CYP11B1,8,142871305,142880000
1585,CYP11B2,8,142910424,142917943
116447,TOP1MT,8,143301453,143359979
65263,PYCRL,8,143603210,143609773
26873,OPLAH,8,144051265,144064091
8694,DGAT1,8,144314584,144326916
2875,GPT,8,144502608,144507494
169522,KCNV2,9,2717510,2730037
6505,SLC1A1,9,4490207,4587469
3717,JAK2,9,4984390,5129950
7010,TEK,9,27109030,27232092
10280,SIGMAR1,9,34631716,34637844
768,CA9,9,35673898,35681159
80036,TRPM3,9,70529060,71446977
216,ALDH1A1,9,72887945,73080453
301,ANXA1,9,73148874,73170691
6096,RORB,9,74497329,74693177
55312,RFK,9,76385517,76394536
29968,PSAT1,9,78297094,78356024
4915,NTRK2,9,84668375,85096069
1514,CTSL,9,87724051,87731469
2203,FBP1,9,94601143,94640323
9568,GABBR2,9,98288087,98709739
116443,GRIN3A,9,101569352,101738654
5535,PPP3R2,9,101591604,101595021
19,ABCA1,9,104781006,104928248
7357,UGCG,9,111896772,111935384
210,ALAD,9,113386304,113401356
54107,POLE3,9,113407232,113410723
5004,ORM1,9,114322951,114326970
5005,ORM2,9,114329777,114333741
7099,TLR4,9,117704170,117724735
5742,PTGS1,9,122370530,122395877
5695,PSMB7,9,124352999,124415476
3309,HSPA5,9,125234740,125261715
2356,FPGS,9,127794597,127815065
1384,CRAT,9,129092813,129111313
445,ASS1,9,130443282,130502361
25,ABL1,9,130713043,130887675
1621,DBH,9,133634456,133659329
6256,RXRA,9,134317098,134440585
2902,GRIN1,9,137138346,137168765
10383,TUBB4B,9,137241278,137243713
774,CACNA1B,9,137877782,138124624
347688,TUBB8,10,46888,74163
1645,AKR1C1,10,4944110,4983283
1646,AKR1C2,10,4969796,5018031
8644,AKR1C3,10,5035354,5108244
5588,PRKCQ,10,6427136,6580855
509,ATP5C1,10,7788092,7807911
57118,CAMK1D,10,12349513,12835545
1787,TRDMT1,10,17137336,17202054
783,CACNB2,10,18140322,18543557
2572,GAD2,10,26216251,26304558
219770,GJD4,10,35605341,35608935
5979,RET,10,43077026,43130351
240,ALOX5,10,45374150,45446121
5949,RBP3,10,47348363,47357881
1103,CHAT,10,49609095,49667942
5033,P4HA1,10,73005811,73097108
818,CAMK2G,10,73812501,73874641
5328,PLAU,10,73909177,73917501
132,ADK,10,74151185,74709963
3778,KCNMA1,10,76869601,77638908
10105,PPIF,10,79347461,79355350
2894,GRID1,10,85599552,86366809
2746,GLUD1,10,87050202,87095405
8513,LIPF,10,88664441,88678814
3363,HTR7,10,90740805,90858218
3416,IDE,10,92451684,92574096
338557,FFAR4,10,93566653,93605840
5146,PDE6C,10,93612533,93666010
1562,CYP2C18,10,94682860,94736241
1557,CYP2C19,10,94762536,94922264
1559,CYP2C9,10,94938544,94990149
1558,CYP2C8,10,95034359,95069603
5832,ALDH18A1,10,95605937,95656885
55361,PI4K2A,10,97640669,97676814
2805,GOT1,10,99396869,99431465
1147,CHUK,10,100188299,100229611
9033,PKD2L1,10,100288149,100330264
4791,NFKB2,10,102394110,102402529
1586,CYP17A1,10,102830460,102837506
22978,NT5C2,10,103086478,103277622
150,ADRA2A,10,111077029,111080907
3026,HABP2,10,113550837,113592878
153,ADRB1,10,114043866,114046904
5406,PNLIP,10,116545931,116567855
338567,KCNK18,10,117196957,117210752
6571,SLC18A2,10,117240830,117279431
2263,FGFR2,10,121478331,121598770
36,ACADSB,10,123008972,123058300
5791,PTPRE,10,127906800,128085856
4255,MGMT,10,129466679,129770983
50632,CALY,10,133324072,133336980
1571,CYP2E1,10,133520406,133561220
1815,DRD4,11,637269,640706
79751,SLC25A22,11,790474,798321
4583,MUC2,11,1074875,1110511
440021,KRTAP5-2,11,1597177,1598294
3630,INS,11,2159779,2161221
7054,TH,11,2163929,2171968
3784,KCNQ1,11,2444654,2849105
833,CARS,11,3000920,3057646
57053,CHRNA10,11,3665587,3671384
6240,RRM1,11,4094707,4140686
887,CCKBR,11,6259698,6272127
6609,SMPD1,11,6390381,6394998
5682,PSMA1,11,14504211,14643635
5140,PDE3B,11,14643663,14874657
3767,KCNJ11,11,17364082,17389364
6833,ABCC8,11,17392498,17476894
3746,KCNC1,11,17734724,17856811
7166,TPH1,11,18017555,18046269
3939,LDHA,11,18394347,18408425
259249,MRGPRX1,11,18933499,18939414
8424,BBOX1,11,27040698,27186650
3739,KCNA4,11,30008122,30017043
847,CAT,11,34438709,34472061
960,CD44,11,35138721,35232402
6506,SLC1A2,11,35251205,35420063
1132,CHRM4,11,46383589,46391990
2147,F2,11,46719079,46768566
2346,FOLH1,11,49145092,49208641
11251,PTGDR2,11,60850933,60855987
747,DAGLA,11,61680151,61747003
3992,FADS1,11,61799624,61829318
80150,ASRGL1,11,62337347,62393415
23193,GANAB,11,62624821,62646726
1128,CHRM1,11,62907828,62921877
9356,SLC22A6,11,62936385,62984973
9376,SLC22A8,11,62989154,63017561
1351,COX8A,11,63974579,63976543
50801,KCNK4,11,64291302,64300031
25824,PRDX5,11,64317977,64321827
8986,RPS6KA4,11,64359134,64372215
55867,SLC22A11,11,64555632,64572875
116085,SLC22A12,11,64590641,64602353
5837,PYGM,11,64746389,64759990
23649,POLA2,11,65261835,65305959
5970,RELA,11,65653599,65663138
10524,KAT5,11,65711992,65719604
117144,CATSPER1,11,66016752,66026479
8722,CTSF,11,66563462,66568879
5091,PC,11,66848208,66958524
2950,GSTP1,11,67583523,67592110
91703,ACY3,11,67642551,67650900
1374,CPT1A,11,68754620,68844410
595,CCND1,11,69641070,69654474
55107,ANO1,11,69985907,70189543
55191,NADSYN1,11,71453109,71524107
2352,FOLR3,11,72114869,72141085
2350,FOLR2,11,72216601,72221957
5138,PDE2A,11,72576141,72674591
5029,P2RY2,11,73216664,73242427
5031,P2RY6,11,73264498,73305103
11309,SLCO2B1,11,75100563,75214681
84649,DGAT2,11,75759512,75813865
2915,GRM5,11,88504576,89065990
7299,TYR,11,89177875,89295759
4544,MTNR1B,11,92969651,92985066
24145,PANX1,11,94128828,94185019
5241,PGR,11,101029624,101129817
4317,MMP8,11,102711796,102727050
4321,MMP12,11,102862734,102874990
4322,MMP13,11,102942994,102955740
2893,GRIA4,11,105609535,105982090
2977,GUCY1A2,11,106674019,107018538
38,ACAT1,11,108116695,108148957
472,ATM,11,108222788,108369102
6392,SDHD,11,112086361,112120016
1813,DRD2,11,113409021,113476402
9177,HTR3B,11,113904796,113949079
3359,HTR3A,11,113975075,113990313
4837,NNMT,11,114257765,114360039
486,FXYD2,11,117800839,117828734
6330,SCN4B,11,118133377,118152906
6327,SCN2B,11,118162806,118176653
2542,SLC37A4,11,119023751,119030906
2900,GRIK4,11,120511709,120988906
3312,HSPA8,11,123057485,123063230
55800,SCN3B,11,123629187,123655244
116337,PANX3,11,124611428,124620356
3758,KCNJ1,11,128836315,128874671
3762,KCNJ5,11,128890453,128922733
93589,CACNA2D4,12,1791963,1918666
775,CACNA1C,12,1970690,2697950
2305,FOXM1,12,2857676,2877197
3742,KCNA6,12,4809334,4813318
3736,KCNA1,12,4909905,4918256
3741,KCNA5,12,5043879,5052613
6337,SCNN1A,12,6345124,6383917
10536,P3H3,12,6828220,6839867
5777,PTPN6,12,6946417,6961316
715,C1R,12,7080213,7092873
9052,GPRC5A,12,12890782,12917937
2904,GRIN2B,12,13437942,13982138
2984,GUCY2C,12,14612632,14696652
5149,PDE6H,12,14949827,14982699
5139,PDE3A,12,20368322,20688583
53919,SLCO1C1,12,20695332,20753386
28234,SLCO1B3,12,20806645,20918230
10599,SLCO1B1,12,21127862,21298065
6579,SLCO1A2,12,21264600,21419676
3764,KCNJ8,12,21763939,21775615
10060,ABCC9,12,21797389,21942543
586,BCAT1,12,24809944,24949556
3709,ITPR2,12,26335352,26833239
51564,HDAC7,12,47782722,47833132
7421,VDR,12,47841537,47943048
784,CACNB3,12,48813794,48828942
5571,PRKAG1,12,49002272,49018820
10376,TUBA1B,12,49127780,49131398
7846,TUBA1A,12,49184146,49189324
84790,TUBA1C,12,49188736,49274600
23416,KCNH3,12,49539020,49558346
41,ASIC1,12,50057351,50083621
466,ATF1,12,50763710,50821162
1990,CELA1,12,51328442,51346804
6334,SCN8A,12,51590266,51812864
8435,SOAT2,12,53103457,53124538
51380,CSAD,12,53157663,53180933
5916,RARG,12,53210566,53232980
11016,ATF7,12,53507856,53626412
5153,PDE1B,12,54549551,54579241
5959,RDH5,12,55720367,55724714
1017,CDK2,12,55966781,55972789
2065,ERBB3,12,56076799,56103505
1431,CS,12,56271699,56300395
27165,GLS2,12,56470945,56488414
506,ATP5B,12,56637490,56646079
8630,HSD17B6,12,56751817,56788409
1019,CDK4,12,57746043,57756013
1594,CYP27B1,12,57762334,57768986
552,AVPR1A,12,63142759,63151206
3458,IFNG,12,68154768,68159748
4069,LYZ,12,69348381,69354237
27345,KCNMB4,12,70366204,70434292
3747,KCNC2,12,75038577,75209876
1634,DCN,12,91140484,91183217
10988,METAP2,12,95473520,95515935
4048,LTA4H,12,96000298,96043523
9971,NR1H4,12,100455070,100564414
160728,SLC5A8,12,101155188,101210243
5053,PAH,12,102836889,102958410
7296,TXNRD1,12,104215773,104352786
1610,DAO,12,108858932,108901052
32,ACACB,12,109116320,109268226
488,ATP2A2,12,110280603,110351093
10019,SH2B3,12,111404986,111451623
217,ALDH2,12,111766887,111817532
4842,NOS1,12,117208142,117452170
5564,PRKAB1,12,119667862,119681629
5319,PLA2G1B,12,120322115,120327785
5027,P2RX7,12,121132785,121188032
338442,HCAR2,12,122701293,122703357
8843,HCAR3,12,122714756,122716811
27198,HCAR1,12,122726076,122730844
5426,POLE,12,132623753,132687376
7278,TUBA3C,13,19173770,19181824
2700,GJA3,13,20138252,20161615
2706,GJB2,13,20187463,20192980
10804,GJB6,13,20221962,20232450
2322,FLT3,13,28003274,28100592
2321,FLT1,13,28299540,28495288
6541,SLC7A1,13,29509410,29595792
3356,HTR2A,13,46831546,46897091
8803,SUCLA2,13,47745736,48037968
57105,CYSLTR2,13,48653709,48711227
2862,MLNR,13,49220118,49225201
2974,GUCY1B2,13,50994505,51080862
115207,KCTD12,13,76880175,76886405
1910,EDNRB,13,77895481,77975529
8428,STK24,13,98445185,98577940
6564,SLC15A1,13,98683693,98752880
5095,PCCA,13,100089015,100530437
259232,NALCN,13,101053773,101416515
79587,CARS2,13,110641409,110713603
2155,F7,13,113105762,113120685
2159,F10,13,113122771,113149531
8858,PROZ,13,113158388,113173625
496,ATP4B,13,113648804,113658198
10038,PARP2,14,20343541,20362074
4860,PNP,14,20461992,20477094
283,ANG,14,20682866,20698971
6035,RNASE1,14,20801228,20802884
6037,RNASE3,14,20882394,20892348
5693,PSMB5,14,23016540,23035239
122706,PSMB11,14,23042212,23044060
23428,SLC7A8,14,23125295,23183683
10901,DHRS4,14,23953713,23969279
1215,CMA1,14,24505353,24508271
5687,PSMA6,14,35278596,35318734
4792,NFKBIA,14,35401079,35404749
6751,SSTR1,14,38207895,38213067
5427,POLE2,14,49643555,49688422
11183,MAP4K5,14,50417845,50561126
5836,PYGL,14,50857891,50944734
5729,PTGDR,14,52267667,52276724
5732,PTGER2,14,52314226,52329822
5684,PSMA3,14,58244740,58272096
112849,L3HYPDH,14,59318593,59484450
3091,HIF1A,14,61695357,61748529
27133,KCNH5,14,62699464,63102037
2100,ESR2,14,64084232,64338112
384,ARG2,14,67619857,67667328
51109,RDH11,14,67676792,67695793
145226,RDH12,14,67701886,67734451
6554,SLC10A1,14,69768055,69797665
145482,PTGR2,14,73851792,73885726
2353,FOS,14,75278821,75283190
122953,JDP2,14,75427716,75474111
2103,ESRRB,14,76310712,76501837
54207,KCNK10,14,88180103,88326907
56659,KCNK13,14,90061990,90185855
801,CALM1,14,90396502,90408268
866,SERPINA6,14,94304245,94323401
624,BDKRB2,14,96204526,96249490
7453,WARS,14,100333782,100376805
3320,HSP90AA1,14,102080738,102139773
1152,CKB,14,103519660,103523167
122622,ADSSL1,14,104724174,104747523
207,AKT1,14,104769348,104799934
2562,GABRB3,15,26543552,26939539
2558,GABRA5,15,26866709,26949208
2567,GABRG3,15,26971060,27541984
89832,CHRFAM7A,15,30360566,30393858
1139,CHRNA7,15,31923438,32173018
6263,RYR3,15,33310947,33866121
1133,CHRM5,15,33968260,34067458
57369,GJD2,15,34751032,34755003
2595,GANC,15,42273196,42353666
4130,MAP1A,15,43510946,43531620
117155,CATSPER2,15,43628503,43668118
548596,CKMT1A,15,43692886,43702501
6652,SORD,15,45023116,45077185
6557,SLC12A1,15,48178392,48304078
54822,TRPM7,15,50552473,50686845
1588,CYP19A1,15,51208057,51338606
8854,ALDH1A2,15,57953424,58497866
366,AQP9,15,58138169,58185915
771,CA12,15,63321378,63382252
5479,PPIB,15,64155740,64163159
5604,MAP2K1,15,66386816,66491656
10021,HCN4,15,73319859,73368958
1583,CYP11A1,15,74337746,74367884
1543,CYP1A1,15,74719542,74738469
1544,CYP1A2,15,74748795,74756607
9377,COX5A,15,74919594,74939351
60490,PPCDC,15,75023550,75117462
79661,NEIL1,15,75346878,75357115
5685,PSMA4,15,78540089,78560795
1138,CHRNA5,15,78565484,78596443
1136,CHRNA3,15,78593052,78621331
1143,CHRNB4,15,78621941,78727754
5151,PDE8A,15,84980440,85139244
145864,HAPLN3,15,88877289,88895597
6017,RLBP1,15,89209869,89222577
290,ANPEP,15,89784875,89815401
5045,FURIN,15,90868588,90883564
3480,IGF1R,15,98648539,98964530
220,ALDH1A3,15,100861924,100916760
6755,SSTR5,16,1063867,1081470
8912,CACNA1H,16,1153099,1224169
7177,TPSAB1,16,1239266,1242555
124056,NOXO1,16,1978912,1984636
5170,PDPK1,16,2537969,2603190
64386,MMP25,16,3046062,3060729
3163,HMOX2,16,4474246,4510663
18,ABAT,16,8674596,8784575
2903,GRIN2A,16,9753404,10183495
4363,ABCC1,16,15949138,16143257
6340,SCNN1G,16,23182677,23216883
6338,SCNN1B,16,23278231,23381299
124454,EARS2,16,23520754,23557731
5579,PRKCB,16,23835939,24220611
10368,CACNG3,16,24256194,24362412
23475,QPRT,16,29662957,29698704
10423,CDIPT,16,29857474,29863414
5595,MAPK3,16,30114104,30123506
3683,ITGAL,16,30472658,30523567
79001,VKORC1,16,31090260,31095980
1339,COX6A2,16,31427731,31428433
6524,SLC5A2,16,31483002,31490860
84706,GPT2,16,46882857,46931299
4313,MMP2,16,55389700,55508058
6530,SLC6A2,16,55655961,55707645
1066,CES1,16,55802845,55833337
6559,SLC12A3,16,56865203,56915850
222487,GPR97,16,57668106,57689378
2806,GOT2,16,58686133,58734366
766,CA7,16,66844414,66854153
3291,HSD11B2,16,67430652,67437553
5699,PSMB10,16,67934504,67936865
6560,SLC12A4,16,67943474,67969601
1728,NQO1,16,69691310,69726668
16,AARS,16,70251983,70289707
6898,TAT,16,71565660,71577096
1723,DHODH,16,72008588,72027664
93107,KCNG4,16,84218657,84240016
1327,COX4I1,16,85798633,85810195
763,CA5A,16,87881546,87936603
1535,CYBA,16,88643275,88651083
1800,DPEP1,16,89613308,89638456
10381,TUBB3,16,89921392,89938761
443,ASPA,17,3472374,3503405
162514,TRPV3,17,3510502,3557812
7442,TRPV1,17,3565444,3609880
1497,CTNS,17,3636446,3663103
5694,PSMB6,17,4796144,4798503
5338,PLD2,17,4807074,4823434
1145,CHRNE,17,4897769,4934438
708,C1QBP,17,5432625,5448830
1742,DLG4,17,7187187,7219836
1140,CHRNB1,17,7445004,7457710
5430,POLR2A,17,7484366,7514616
6462,SHBG,17,7613946,7633469
482,ATP1B2,17,7646627,7657771
7157,TP53,17,7661779,7687546
9212,AURKB,17,8204335,8210638
5198,PFAS,17,8247618,8271150
136,ADORA2B,17,15945093,15976467
51393,TRPV2,17,16407465,16437861
55244,SLC47A1,17,19495385,19579044
146802,SLC47A2,17,19677390,19718979
3768,KCNJ12,17,21376209,21419870
4843,NOS2,17,27755283,27800758
113235,SLC46A1,17,28394642,28407197
9058,SLC13A2,17,28473275,28497782
6532,SLC6A4,17,30194258,30238482
40,ASIC2,17,33013087,34174964
6347,CCL2,17,34255274,34257208
6355,CCL8,17,34319435,34321402
31,ACACA,17,37084992,37406853
5691,PSMB3,17,38752726,38803069
782,CACNB1,17,39173453,39197877
2064,ERBB2,17,39687914,39730426
7067,THRA,17,40058290,40093867
5914,RARA,17,40309165,40357643
125111,GJD3,17,40360652,40364737
7153,TOP2A,17,40388521,40417941
3859,KRT12,17,40860943,40867223
2520,GAST,17,41710999,41715973
2648,KAT2A,17,42113109,42121382
23415,KCNH4,17,42156891,42181146
3060,HCRT,17,42184060,42185452
6777,STAT5B,17,42199176,42288633
6774,STAT3,17,42313322,42388574
3292,HSD17B1,17,42552920,42555217
7283,TUBG1,17,42609411,42615253
8639,AOC3,17,42851130,42858130
162417,NAGS,17,44004581,44011213
10014,HDAC5,17,44076746,44123702
3674,ITGA2B,17,44372177,44389649
10052,GJC1,17,44798448,44831496
1394,CRHR1,17,45784277,45835828
4137,MAPT,17,45894278,46028334
3690,ITGB3,17,47253649,47323218
55163,PNPO,17,47941506,47964354
1277,COL1A1,17,50184101,50201704
8913,CACNA1G,17,50560715,50627474
56934,CA10,17,51630313,52160028
8288,EPX,17,58192726,58205174
4353,MPO,17,58269855,58280935
51174,TUBD1,17,59859038,59892951
762,CA4,17,60147838,60178085
1636,ACE,17,63477058,63498380
81033,KCNH6,17,63523310,63548987
6329,SCN4A,17,63938554,63972918
5578,PRKCA,17,66302567,66810743
27091,CACNG5,17,66835117,66894751
27092,CACNG4,17,66964494,67035678
786,CACNG1,17,67044531,67058016
6752,SSTR2,17,73164253,73176633
2905,GRIN2C,17,74842022,74861772
353174,ZACN,17,76071961,76083666
124583,CANT1,17,78991707,79009867
2548,GAA,17,80101526,80119881
5148,PDE6G,17,81650459,81663112
1468,SLC25A10,17,81711951,81721969
5034,P4HB,17,81843158,81860856
5831,PYCR1,17,81932378,81942412
2194,FASN,17,82076900,82098294
7298,TYMS,18,657127,676613
7525,YES1,18,721587,813276
84617,TUBB6,18,12307287,12345784
6093,ROCK1,18,20944612,21111882
59340,HRH4,18,24460631,24480794
143471,PSMA8,18,26133852,26193355
7276,TTR,18,31557008,31606585
498,ATP5A1,18,46080248,46104334
10449,ACAA2,18,49781714,49813965
2235,FECH,18,57544377,57586942
10892,MALT1,18,58671426,58754477
596,BCL2,18,63123346,63320215
6317,SERPINB3,18,63652584,63661893
4772,NFATC1,18,79395856,79531338
26251,KCNG2,18,79797904,79900184
1991,ELANE,19,850951,856247
116444,GRIN3B,19,1000419,1009732
513,ATP5D,19,1241734,1244828
2593,GAMT,19,1397026,1401731
6915,TBXA2R,19,3594506,3606900
5605,MAP2K2,19,4090316,4124238
5802,PTPRS,19,5158495,5340941
10382,TUBB4A,19,6494308,6502848
3643,INSR,19,7112255,7294443
50700,RDH8,19,10013249,10022279
5032,P2RY11,19,10111689,10118085
1786,DNMT1,19,10133342,10231286
3383,ICAM1,19,10271093,10286617
7297,TYK2,19,10350528,10380608
5141,PDE4A,19,10416773,10469816
9817,KEAP1,19,10484512,10503558
53637,S1PR5,19,10512742,10517981
1725,DHPS,19,12673411,12681901
811,CALR,19,12938578,12944525
773,CACNA1A,19,13206442,13624489
5566,PRKACA,19,14091688,14118084
5731,PTGER1,19,14472466,14477272
6511,SLC1A6,19,14950024,15022990
3718,JAK3,19,17824780,17848071
3780,KCNN1,19,17947484,18000085
5143,PDE4C,19,18207965,18248200
1463,NCAN,19,19211948,19252247
404037,HAPLN4,19,19254731,19262827
11136,SLC7A9,19,32830508,32869805
6324,SCN1B,19,35030444,35040455
3249,HPN,19,35040506,35066592
2864,FFAR1,19,35347902,35353864
495,ATP4A,19,35549339,35563658
1340,COX6B1,19,35648230,35662890
1346,COX7A1,19,36150287,36152699
9424,KCNK6,19,38319813,38333553
6261,RYR1,19,38433691,38595273
645,BLVRB,19,40446758,40465826
1548,CYP2A6,19,40841915,40850493
1555,CYP2B6,19,40991131,41018413
1553,CYP2A13,19,41088451,41096195
478,ATP1A3,19,41966582,41997497
2901,GRIK5,19,41998315,42070240
5452,POU2F2,19,42086110,42196585
3991,LIPE,19,42401497,42427388
3783,KCNN4,19,43766517,43781262
1158,CKM,19,45306411,45323372
5739,PTGIR,19,46618550,46625534
6822,SULT2A1,19,47870327,47886479
2906,GRIN2D,19,48393668,48444931
3770,KCNJ14,19,48454464,48466980
6820,SULT2B1,19,48552140,48599425
770,CA11,19,48637946,48646386
587,BCAT2,19,48795061,48811066
3743,KCNA7,19,49067397,49072702
54795,TRPM4,19,49157737,49211841
22809,ATF5,19,49923910,49933935
3748,KCNC3,19,50311937,50333515
5424,POLD1,19,50384204,50418018
2357,FPR1,19,51742725,51804115
5582,PRKCG,19,53879190,53907652
59284,CACNG7,19,53909264,53943950
59283,CACNG8,19,53962937,53990215
59285,CACNG6,19,53991605,54012670
112724,RDH13,19,55039108,55071291
1,A1BG,19,58345178,58353502
1457,CSNK2A1,20,472498,543835
2280,FKBP1A,20,1355817,1393164
5020,OXT,20,3071476,3072517
146,ADRA1D,20,4220283,4249305
9962,SLC23A2,20,4851729,5010313
54363,HAO1,20,7845499,7940539
6754,SSTR4,20,23035312,23039237
84532,ACSS1,20,25003364,25058980
3055,HCK,20,32052197,32101857
1789,DNMT3B,20,32762385,32809359
191,AHCY,20,34280263,34311802
55902,ACSS2,20,34872146,34927962
2937,GSS,20,34928432,34956027
9054,NFS1,20,35668052,35699376
6714,SRC,20,37344673,37406050
140679,SLC32A1,20,38724394,38729372
7150,TOP1,20,41028815,41124487
100,ADA,20,44584896,44652252
60598,KCNK15,20,44745785,44752677
6789,STK4,20,44966474,45084214
3787,KCNS1,20,45091214,45101188
5476,CTSA,20,45890144,45898949
4318,MMP9,20,46008869,46016561
57468,SLC12A5,20,46021675,46060150
64849,SLC13A3,20,46557823,46684467
3745,KCNB1,20,49293394,49484570
5740,PTGIS,20,49503874,49568333
5770,PTPN1,20,50510321,50585241
3755,KCNG1,20,51003655,51023244
6790,AURKA,20,56369382,56392566
2778,GNAS,20,58839669,58911192
81027,TUBB1,20,59019379,59026654
5688,PSMA7,20,62136725,62143470
11255,HRH3,20,62214960,62220303
1137,CHRNA4,20,63343223,63378401
3785,KCNQ2,20,63400208,63472689
5753,PTK6,20,63526306,63537770
6725,SRMS,20,63538489,63547752
54963,UCKL1,20,63939811,63956500
351,APP,21,25880535,26171128
2897,GRIK1,21,29536933,29940033
2618,GART,21,33498517,33543524
873,CBR1,21,36069847,36073166
3141,HLCS,21,36748626,36990236
3772,KCNJ15,21,38155549,38307357
7032,TFF2,21,42346357,42350997
5152,PDE9A,21,42653584,42776512
875,CBS,21,43050900,43076943
150094,SIK1,21,43414483,43427137
8566,PDXK,21,43719061,43762307
7226,TRPM2,21,44350072,44445246
3689,ITGB2,21,44885948,44932079
6573,SLC19A1,21,45493572,45573564
10841,FTCD,21,46136082,46156047
6285,S100B,21,46598355,46605208
83733,SLC25A18,22,17562670,17591927
5625,PRODH,22,18912696,18936451
1312,COMT,22,19941371,19969975
3053,SERPIND1,22,20774092,20787721
6545,SLC7A4,22,21028715,21032933
5594,MAPK1,22,21755537,21867680
3537,IGLC1,22,22895375,22895834
613,BCR,22,23179704,23318037
135,ADORA2A,22,24417879,24443177
6523,SLC5A1,22,32043050,32113029
51493,C22orf28,22,32387575,32412265
3162,HMOX1,22,35380361,35394214
10369,CACNG2,22,36560857,36703779
4689,NCF4,22,36860795,36878067
6753,SSTR3,22,37204237,37212482
5880,RAC2,22,37225270,37259594
6122,RPL3,22,39312870,39320389
468,ATF4,22,39519695,39522690
8911,CACNA1I,22,39570753,39689735
2033,EP300,22,41091816,41180077
1565,CYP2D6,22,42120962,42131727
5465,PPARA,22,46149924,46243755
56666,PANX2,22,50170458,50180295
83933,HDAC10,22,50245183,50251407
5600,MAPK11,22,50263703,50270767
293,SLC25A6,X,1350030,1392929
438,ASMT,X,1615059,1643081
4935,GPR143,X,9724039,9786297
51284,TLR7,X,12866994,12890361
51311,TLR8,X,12906620,12923169
9367,RAB9A,X,13689117,13712064
2742,GLRA2,X,14529298,14731812
660,BMX,X,15464246,15556529
59272,ACE2,X,15494290,15607236
11238,CA5B,X,15688830,15788411
6197,RPS6KA3,X,20149911,20267519
5422,POLA1,X,24693864,24996986
190,NR0B1,X,30304206,30309394
1756,DMD,X,31097677,33339609
1536,CYBB,X,37780018,37816994
5009,OTC,X,38327598,38424632
4128,MAOA,X,43654907,43746821
4129,MAOB,X,43766400,43882568
10682,EBP,X,48521089,48528716
10013,HDAC6,X,48801372,48824986
3750,KCND1,X,48960982,48971916
778,CACNA1F,X,49205063,49233371
367,AR,X,67543353,67730619
5030,P2RY4,X,70258166,70260204
84889,SLC7A3,X,70925556,70931149
2705,GJB1,X,71212811,71225519
55869,HDAC8,X,72329516,72573101
1349,COX7B,X,77895727,77907555
10800,CYSLTR1,X,78270496,78327845
695,BTK,X,101349338,101390796
2182,ACSL4,X,109624244,109733889
7224,TRPC5,X,111768011,112082776
3358,HTR2C,X,114584073,114910074
186,AGTR2,X,116170743,116174974
11254,SLC6A14,X,116436606,116461458
10857,PGRMC1,X,119236226,119244468
292,SLC25A5,X,119468395,119472949
2747,GLUD2,X,121047610,121050094
2892,GRIA3,X,123184023,123490915
331,XIAP,X,123859693,123913972
139760,GPR119,X,130379449,130385674
3251,HPRT1,X,134460139,134527168
2158,F9,X,139530731,139568549
2564,GABRE,X,151953123,151974694
2556,GABRA3,X,152166042,152451425
55879,GABRQ,X,152637895,152684285
6535,SLC6A8,X,153687914,153696591
554,AVPR2,X,153902531,153907169
2539,G6PD,X,154517825,154547584
55217,TMLHE,X,155414745,155719107
